0,0.013124621,2048,ECS
0,0.013243783,2048,ECS
0,0.013693858,2048,ECS
0,0.013178704,2048,ECS
0,0.013195105,2048,ECS
0,0.013070611,2048,ECS
0,0.013042417,2048,ECS
0,0.013245963,2048,ECS
0,0.013369104,2048,ECS
0,0.012980827,2048,ECS
0,0.01313137,2048,ECS
0,0.013023424,2048,ECS
0,0.012956305,2048,ECS
0,0.012968406,2048,ECS
0,0.013133609,2048,ECS
0,0.013331117,2048,ECS
0,0.013072663,2048,ECS
0,0.012927444,2048,ECS
0,0.013110398,2048,ECS
0,0.013113082,2048,ECS
0,0.013282307,2048,ECS
0,0.012033666,2048,ECS
0,0.012926732,2048,ECS
0,0.012945844,2048,ECS
0,0.012965482,2048,ECS
0,0.013156146,2048,ECS
0,0.01231443,2048,ECS
0,0.012955171,2048,ECS
0,0.013710136,2048,ECS
0,0.01303785,2048,ECS
0,0.013223545,2048,ECS
0,0.013161346,2048,ECS
0,0.013612657,2048,ECS
0,0.013081324,2048,ECS
0,0.012937512,2048,ECS
0,0.012927148,2048,ECS
0,0.012984927,2048,ECS
0,0.012978996,2048,ECS
0,0.013089197,2048,ECS
0,0.01306964,2048,ECS
0,0.013166475,2048,ECS
0,0.013006907,2048,ECS
0,0.01292815,2048,ECS
0,0.012947982,2048,ECS
0,0.0132944,2048,ECS
0,0.012967197,2048,ECS
0,0.014350076,2048,ECS
0,0.013068791,2048,ECS
0,0.013006373,2048,ECS
0,0.012896563,2048,ECS
5006,0.013329926,2048,ECS
5006,0.027236679,2048,ECS
5006,0.013127272,2048,ECS
5006,0.012866038,2048,ECS
5006,0.012878418,2048,ECS
5006,0.012974297,2048,ECS
5006,0.012981873,2048,ECS
5006,0.012861484,2048,ECS
5006,0.013007793,2048,ECS
5006,0.012943478,2048,ECS
5006,0.012994096,2048,ECS
5006,0.012863108,2048,ECS
5006,0.012872941,2048,ECS
5006,0.012880661,2048,ECS
5006,0.013324582,2048,ECS
5006,0.012907758,2048,ECS
5006,0.012757551,2048,ECS
5006,0.012917169,2048,ECS
5006,0.012966125,2048,ECS
5006,0.013505207,2048,ECS
5006,0.014334533,2048,ECS
5006,0.012991633,2048,ECS
5006,0.01287208,2048,ECS
5006,0.012841647,2048,ECS
5006,0.012859965,2048,ECS
5006,0.012731239,2048,ECS
5006,0.012759976,2048,ECS
5006,0.012950372,2048,ECS
5006,0.012892721,2048,ECS
5006,0.013029949,2048,ECS
5006,0.012980855,2048,ECS
5006,0.01292187,2048,ECS
5006,0.01308946,2048,ECS
5006,0.012905403,2048,ECS
5006,0.012997819,2048,ECS
5006,0.012875819,2048,ECS
5006,0.01292748,2048,ECS
5006,0.012893257,2048,ECS
5006,0.01283062,2048,ECS
5006,0.013036528,2048,ECS
5006,0.013110952,2048,ECS
5006,0.012945301,2048,ECS
5006,0.012902921,2048,ECS
5006,0.012871443,2048,ECS
5006,0.012988793,2048,ECS
5006,0.012988689,2048,ECS
5006,0.012905793,2048,ECS
5006,0.012835711,2048,ECS
5006,0.013005215,2048,ECS
5006,0.013073399,2048,ECS
10009,0.013205495,2048,ECS
10009,0.012780538,2048,ECS
10009,0.013073648,2048,ECS
10009,0.012919722,2048,ECS
10009,0.012959016,2048,ECS
10009,0.012980134,2048,ECS
10009,0.012922346,2048,ECS
10009,0.012817832,2048,ECS
10009,0.013430441,2048,ECS
10009,0.013657458,2048,ECS
10009,0.013213531,2048,ECS
10009,0.012855487,2048,ECS
10009,0.013017173,2048,ECS
10009,0.013168299,2048,ECS
10009,0.012910794,2048,ECS
10009,0.01312088,2048,ECS
10009,0.012906276,2048,ECS
10009,0.013115547,2048,ECS
10009,0.012864995,2048,ECS
10009,0.013228686,2048,ECS
10009,0.013980695,2048,ECS
10009,0.013141967,2048,ECS
10009,0.013075146,2048,ECS
10009,0.012979847,2048,ECS
10009,0.013232534,2048,ECS
10009,0.012087955,2048,ECS
10009,0.013101178,2048,ECS
10009,0.012970969,2048,ECS
10009,0.013146704,2048,ECS
10009,0.013037197,2048,ECS
10009,0.013716974,2048,ECS
10009,0.013056285,2048,ECS
10009,0.011980664,2048,ECS
10009,0.012890877,2048,ECS
10009,0.01309827,2048,ECS
10009,0.012998505,2048,ECS
10009,0.012883954,2048,ECS
10009,0.012994237,2048,ECS
10009,0.013103112,2048,ECS
10009,0.012948286,2048,ECS
10009,0.013149461,2048,ECS
10009,0.013030565,2048,ECS
10009,0.01295201,2048,ECS
10009,0.012802443,2048,ECS
10009,0.01303416,2048,ECS
10009,0.013557947,2048,ECS
10009,0.013071023,2048,ECS
10009,0.013240247,2048,ECS
10009,0.012940978,2048,ECS
10009,0.012920756,2048,ECS
15018,0.013254713,2048,ECS
15018,0.020941885,2048,ECS
15018,0.01297995,2048,ECS
15018,0.013067398,2048,ECS
15018,0.013136885,2048,ECS
15018,0.012970995,2048,ECS
15018,0.012952832,2048,ECS
15018,0.013433073,2048,ECS
15018,0.013072476,2048,ECS
15018,0.0130138,2048,ECS
15018,0.01312665,2048,ECS
15018,0.012871763,2048,ECS
15018,0.013008961,2048,ECS
15018,0.01303944,2048,ECS
15018,0.012946296,2048,ECS
15018,0.013027707,2048,ECS
15018,0.012927913,2048,ECS
15018,0.012961032,2048,ECS
15018,0.012997809,2048,ECS
15018,0.012970949,2048,ECS
15018,0.013035981,2048,ECS
15018,0.013246945,2048,ECS
15018,0.013124564,2048,ECS
15018,0.012902771,2048,ECS
15018,0.013020151,2048,ECS
15018,0.012971007,2048,ECS
15018,0.013241161,2048,ECS
15018,0.013487981,2048,ECS
15018,0.013079142,2048,ECS
15018,0.013294386,2048,ECS
15018,0.018081227,2048,ECS
15018,0.013042938,2048,ECS
15018,0.013010207,2048,ECS
15018,0.013085218,2048,ECS
15018,0.013211097,2048,ECS
15018,0.013015944,2048,ECS
15018,0.013028258,2048,ECS
15018,0.01307721,2048,ECS
15018,0.013003666,2048,ECS
15018,0.012257403,2048,ECS
15018,0.013173106,2048,ECS
15018,0.013226025,2048,ECS
15018,0.013009379,2048,ECS
15018,0.012997406,2048,ECS
15018,0.012988683,2048,ECS
15018,0.013007478,2048,ECS
15018,0.013967069,2048,ECS
15018,0.013007692,2048,ECS
15018,0.013102169,2048,ECS
15018,0.013080922,2048,ECS
20020,0.013349679,2048,ECS
20020,0.013006267,2048,ECS
20020,0.013012076,2048,ECS
20020,0.013227502,2048,ECS
20020,0.013540798,2048,ECS
20020,0.012972177,2048,ECS
20020,0.012828058,2048,ECS
20020,0.012922039,2048,ECS
20020,0.013142098,2048,ECS
20020,0.012924353,2048,ECS
20020,0.013188545,2048,ECS
20020,0.012950351,2048,ECS
20020,0.013055126,2048,ECS
20020,0.01301762,2048,ECS
20020,0.013095646,2048,ECS
20020,0.013079702,2048,ECS
20020,0.013178431,2048,ECS
20020,0.012995982,2048,ECS
20020,0.013056824,2048,ECS
20020,0.01285173,2048,ECS
20020,0.013130523,2048,ECS
20020,0.012957391,2048,ECS
20020,0.013138593,2048,ECS
20020,0.013178305,2048,ECS
20020,0.013192537,2048,ECS
20020,0.013076876,2048,ECS
20020,0.013213258,2048,ECS
20020,0.013183778,2048,ECS
20020,0.012949798,2048,ECS
20020,0.013004969,2048,ECS
20020,0.013145343,2048,ECS
20020,0.012958984,2048,ECS
20020,0.012932651,2048,ECS
20020,0.012956491,2048,ECS
20020,0.013040256,2048,ECS
20020,0.013017236,2048,ECS
20020,0.012951505,2048,ECS
20020,0.013017012,2048,ECS
20020,0.013062751,2048,ECS
20020,0.013048275,2048,ECS
20020,0.013097109,2048,ECS
20020,0.013115723,2048,ECS
20020,0.013133072,2048,ECS
20020,0.01300816,2048,ECS
20020,0.012967454,2048,ECS
20020,0.013133847,2048,ECS
20020,0.013038329,2048,ECS
20020,0.012931558,2048,ECS
20020,0.013089506,2048,ECS
20020,0.013034305,2048,ECS
25024,0.01301668,2048,ECS
25024,0.028547278,2048,ECS
25024,0.013040145,2048,ECS
25024,0.012954182,2048,ECS
25024,0.012926886,2048,ECS
25024,0.012989567,2048,ECS
25024,0.012876216,2048,ECS
25024,0.013031777,2048,ECS
25024,0.012859844,2048,ECS
25024,0.013093441,2048,ECS
25024,0.013066057,2048,ECS
25024,0.012924747,2048,ECS
25024,0.012991142,2048,ECS
25024,0.012166116,2048,ECS
25024,0.013034774,2048,ECS
25024,0.012949061,2048,ECS
25024,0.01305941,2048,ECS
25024,0.013081305,2048,ECS
25024,0.013100441,2048,ECS
25024,0.015331626,2048,ECS
25024,0.012916386,2048,ECS
25024,0.012730753,2048,ECS
25024,0.012830494,2048,ECS
25024,0.012887544,2048,ECS
25024,0.012804395,2048,ECS
25024,0.012869068,2048,ECS
25024,0.013066349,2048,ECS
25024,0.012903085,2048,ECS
25024,0.012899657,2048,ECS
25024,0.012909696,2048,ECS
25024,0.013039654,2048,ECS
25024,0.013023345,2048,ECS
25024,0.012991071,2048,ECS
25024,0.013047095,2048,ECS
25024,0.012801154,2048,ECS
25024,0.01300788,2048,ECS
25024,0.012930967,2048,ECS
25024,0.01302787,2048,ECS
25024,0.013118103,2048,ECS
25024,0.012987321,2048,ECS
25024,0.013317036,2048,ECS
25024,0.012975203,2048,ECS
25024,0.012948567,2048,ECS
25024,0.013054989,2048,ECS
25024,0.012987126,2048,ECS
25024,0.013020349,2048,ECS
25024,0.014156741,2048,ECS
25024,0.013056868,2048,ECS
25024,0.013053303,2048,ECS
25024,0.013071041,2048,ECS
30026,0.013174831,2048,ECS
30026,0.013160496,2048,ECS
30026,0.013020595,2048,ECS
30026,0.013697328,2048,ECS
30026,0.013041287,2048,ECS
30026,0.013048217,2048,ECS
30026,0.01313508,2048,ECS
30026,0.01306457,2048,ECS
30026,0.013149488,2048,ECS
30026,0.013030931,2048,ECS
30026,0.013123952,2048,ECS
30026,0.012841669,2048,ECS
30026,0.015254965,2048,ECS
30026,0.013385825,2048,ECS
30026,0.013026237,2048,ECS
30026,0.012848625,2048,ECS
30026,0.013023664,2048,ECS
30026,0.012893063,2048,ECS
30026,0.013344038,2048,ECS
30026,0.013103142,2048,ECS
30026,0.013269892,2048,ECS
30026,0.012957354,2048,ECS
30026,0.013066221,2048,ECS
30026,0.01308731,2048,ECS
30026,0.013142274,2048,ECS
30026,0.013342994,2048,ECS
30026,0.013212208,2048,ECS
30026,0.013107479,2048,ECS
30026,0.012929272,2048,ECS
30026,0.012991915,2048,ECS
30026,0.013047269,2048,ECS
30026,0.012915028,2048,ECS
30026,0.011989631,2048,ECS
30026,0.012915048,2048,ECS
30026,0.013011012,2048,ECS
30026,0.013005294,2048,ECS
30026,0.012894621,2048,ECS
30026,0.013038491,2048,ECS
30026,0.013114007,2048,ECS
30026,0.01309042,2048,ECS
30026,0.013214123,2048,ECS
30026,0.012945905,2048,ECS
30026,0.013155892,2048,ECS
30026,0.013349793,2048,ECS
30026,0.013399242,2048,ECS
30026,0.0135505,2048,ECS
30026,0.012916196,2048,ECS
30026,0.013060041,2048,ECS
30026,0.013037319,2048,ECS
30026,0.01308032,2048,ECS
35032,0.013203723,2048,ECS
35032,0.028917864,2048,ECS
35032,0.012922801,2048,ECS
35032,0.012889541,2048,ECS
35032,0.012991462,2048,ECS
35032,0.013016988,2048,ECS
35032,0.012976851,2048,ECS
35032,0.01300228,2048,ECS
35032,0.012959842,2048,ECS
35032,0.013107178,2048,ECS
35032,0.013221994,2048,ECS
35032,0.012986463,2048,ECS
35032,0.013014808,2048,ECS
35032,0.01294864,2048,ECS
35032,0.013046641,2048,ECS
35032,0.013138861,2048,ECS
35032,0.01309871,2048,ECS
35032,0.013067434,2048,ECS
35032,0.013016433,2048,ECS
35032,0.013122185,2048,ECS
35032,0.013088038,2048,ECS
35032,0.012994756,2048,ECS
35032,0.012864594,2048,ECS
35032,0.013071385,2048,ECS
35032,0.012987071,2048,ECS
35032,0.012968093,2048,ECS
35032,0.012930035,2048,ECS
35032,0.013046393,2048,ECS
35032,0.013037595,2048,ECS
35032,0.012898576,2048,ECS
35032,0.01314053,2048,ECS
35032,0.012881943,2048,ECS
35032,0.013097595,2048,ECS
35032,0.012992732,2048,ECS
35032,0.013055473,2048,ECS
35032,0.013096376,2048,ECS
35032,0.012960552,2048,ECS
35032,0.013027627,2048,ECS
35032,0.012997892,2048,ECS
35032,0.012844079,2048,ECS
35032,0.013082825,2048,ECS
35032,0.012875739,2048,ECS
35032,0.013059063,2048,ECS
35032,0.012970661,2048,ECS
35032,0.01298149,2048,ECS
35032,0.013006887,2048,ECS
35032,0.012949121,2048,ECS
35032,0.013072002,2048,ECS
35032,0.01330229,2048,ECS
35032,0.013041024,2048,ECS
40040,0.01310968,2048,ECS
40040,0.013047587,2048,ECS
40040,0.012977816,2048,ECS
40040,0.013115696,2048,ECS
40040,0.01291654,2048,ECS
40040,0.012951384,2048,ECS
40040,0.013008485,2048,ECS
40040,0.012821701,2048,ECS
40040,0.013012964,2048,ECS
40040,0.013735356,2048,ECS
40040,0.013207311,2048,ECS
40040,0.012988285,2048,ECS
40040,0.012941808,2048,ECS
40040,0.012805359,2048,ECS
40040,0.012942417,2048,ECS
40040,0.013027617,2048,ECS
40040,0.013027158,2048,ECS
40040,0.012825455,2048,ECS
40040,0.012824517,2048,ECS
40040,0.012854657,2048,ECS
40040,0.013198294,2048,ECS
40040,0.01282831,2048,ECS
40040,0.012863549,2048,ECS
40040,0.012903805,2048,ECS
40040,0.014126248,2048,ECS
40040,0.012961995,2048,ECS
40040,0.0129916,2048,ECS
40040,0.013007546,2048,ECS
40040,0.013009796,2048,ECS
40040,0.013080742,2048,ECS
40040,0.013268855,2048,ECS
40040,0.012948342,2048,ECS
40040,0.012928502,2048,ECS
40040,0.012995325,2048,ECS
40040,0.01305601,2048,ECS
40040,0.013029889,2048,ECS
40040,0.013038552,2048,ECS
40040,0.013312672,2048,ECS
40040,0.013066157,2048,ECS
40040,0.013296001,2048,ECS
40040,0.013006249,2048,ECS
40040,0.012983224,2048,ECS
40040,0.013049588,2048,ECS
40040,0.013077169,2048,ECS
40040,0.012900637,2048,ECS
40040,0.013414791,2048,ECS
40040,0.012978302,2048,ECS
40040,0.013259676,2048,ECS
40040,0.012915063,2048,ECS
40040,0.012866159,2048,ECS
45048,0.019583314,2048,ECS
45048,0.037724312,2048,ECS
45048,0.013038225,2048,ECS
45048,0.013276149,2048,ECS
45048,0.013456865,2048,ECS
45048,0.013022045,2048,ECS
45048,0.013008561,2048,ECS
45048,0.012965887,2048,ECS
45048,0.013119632,2048,ECS
45048,0.01311928,2048,ECS
45048,0.013317306,2048,ECS
45048,0.013079714,2048,ECS
45048,0.012994763,2048,ECS
45048,0.013145031,2048,ECS
45048,0.013575835,2048,ECS
45048,0.013040625,2048,ECS
45048,0.013067573,2048,ECS
45048,0.012838175,2048,ECS
45048,0.012926684,2048,ECS
45048,0.012884219,2048,ECS
45048,0.013308751,2048,ECS
45048,0.013238028,2048,ECS
45048,0.013001146,2048,ECS
45048,0.01292662,2048,ECS
45048,0.012904427,2048,ECS
45048,0.012894085,2048,ECS
45048,0.012895484,2048,ECS
45048,0.012934409,2048,ECS
45048,0.012934593,2048,ECS
45048,0.013013285,2048,ECS
45048,0.013212738,2048,ECS
45048,0.012919237,2048,ECS
45048,0.012917828,2048,ECS
45048,0.012916584,2048,ECS
45048,0.012947718,2048,ECS
45048,0.013056285,2048,ECS
45048,0.012963981,2048,ECS
45048,0.013078348,2048,ECS
45048,0.012981132,2048,ECS
45048,0.013129436,2048,ECS
45048,0.013082756,2048,ECS
45048,0.013116486,2048,ECS
45048,0.013066896,2048,ECS
45048,0.012870923,2048,ECS
45048,0.013056866,2048,ECS
45048,0.013130807,2048,ECS
45048,0.013028525,2048,ECS
45048,0.013113316,2048,ECS
45048,0.01295308,2048,ECS
45048,0.013049782,2048,ECS
50051,0.01320778,2048,ECS
50051,0.01288935,2048,ECS
50051,0.012950692,2048,ECS
50051,0.01297438,2048,ECS
50051,0.013117149,2048,ECS
50051,0.013005665,2048,ECS
50051,0.013017998,2048,ECS
50051,0.013000709,2048,ECS
50051,0.012895474,2048,ECS
50051,0.012944305,2048,ECS
50051,0.013141981,2048,ECS
50051,0.013145674,2048,ECS
50051,0.013081883,2048,ECS
50051,0.012939806,2048,ECS
50051,0.013081068,2048,ECS
50051,0.012995473,2048,ECS
50051,0.01294254,2048,ECS
50051,0.01310182,2048,ECS
50051,0.012956487,2048,ECS
50051,0.013037638,2048,ECS
50051,0.013092223,2048,ECS
50051,0.012972439,2048,ECS
50051,0.012999103,2048,ECS
50051,0.013242186,2048,ECS
50051,0.013784947,2048,ECS
50051,0.012941115,2048,ECS
50051,0.013033384,2048,ECS
50051,0.013009895,2048,ECS
50051,0.013101154,2048,ECS
50051,0.013017433,2048,ECS
50051,0.013083949,2048,ECS
50051,0.013111591,2048,ECS
50051,0.012928256,2048,ECS
50051,0.012917115,2048,ECS
50051,0.013075997,2048,ECS
50051,0.013046508,2048,ECS
50051,0.012963246,2048,ECS
50051,0.012972643,2048,ECS
50051,0.012937456,2048,ECS
50051,0.012872666,2048,ECS
50051,0.013593069,2048,ECS
50051,0.013028951,2048,ECS
50051,0.01309175,2048,ECS
50051,0.013040998,2048,ECS
50051,0.013011961,2048,ECS
50051,0.0129918,2048,ECS
50051,0.013350558,2048,ECS
50051,0.012991207,2048,ECS
50051,0.012891352,2048,ECS
50051,0.013021502,2048,ECS
55054,0.013146548,2048,ECS
55054,0.013148392,2048,ECS
55054,0.012869688,2048,ECS
55054,0.012917478,2048,ECS
55054,0.012911514,2048,ECS
55054,0.012896576,2048,ECS
55054,0.013083541,2048,ECS
55054,0.012969569,2048,ECS
55054,0.013108981,2048,ECS
55054,0.012890302,2048,ECS
55054,0.013122564,2048,ECS
55054,0.013141106,2048,ECS
55054,0.013079217,2048,ECS
55054,0.012847169,2048,ECS
55054,0.012886897,2048,ECS
55054,0.012939044,2048,ECS
55054,0.013089183,2048,ECS
55054,0.012951779,2048,ECS
55054,0.013000451,2048,ECS
55054,0.012987865,2048,ECS
55054,0.013297529,2048,ECS
55054,0.012903361,2048,ECS
55054,0.012804297,2048,ECS
55054,0.012946092,2048,ECS
55054,0.013287103,2048,ECS
55054,0.013065436,2048,ECS
55054,0.012943449,2048,ECS
55054,0.01300105,2048,ECS
55054,0.013045904,2048,ECS
55054,0.013052168,2048,ECS
55054,0.014854808,2048,ECS
55054,0.012870566,2048,ECS
55054,0.01320503,2048,ECS
55054,0.012956971,2048,ECS
55054,0.012896734,2048,ECS
55054,0.01282808,2048,ECS
55054,0.013078719,2048,ECS
55054,0.013092543,2048,ECS
55054,0.013049092,2048,ECS
55054,0.01290135,2048,ECS
55054,0.013219427,2048,ECS
55054,0.012958423,2048,ECS
55054,0.01297416,2048,ECS
55054,0.013160429,2048,ECS
55054,0.013005419,2048,ECS
55054,0.011977108,2048,ECS
55054,0.01286687,2048,ECS
55054,0.013163973,2048,ECS
55054,0.012954467,2048,ECS
55054,0.012967803,2048,ECS
60058,0.013404284,2048,ECS
60058,0.012904675,2048,ECS
60058,0.01301952,2048,ECS
60058,0.013542248,2048,ECS
60058,0.013000611,2048,ECS
60058,0.012973561,2048,ECS
60058,0.013162234,2048,ECS
60058,0.012019412,2048,ECS
60058,0.013007457,2048,ECS
60058,0.013057138,2048,ECS
60058,0.013378745,2048,ECS
60058,0.013054329,2048,ECS
60058,0.013049216,2048,ECS
60058,0.013088832,2048,ECS
60058,0.013083553,2048,ECS
60058,0.012955119,2048,ECS
60058,0.013063767,2048,ECS
60058,0.013339927,2048,ECS
60058,0.013279182,2048,ECS
60058,0.012974106,2048,ECS
60058,0.013169729,2048,ECS
60058,0.013214738,2048,ECS
60058,0.012989107,2048,ECS
60058,0.013088308,2048,ECS
60058,0.012311875,2048,ECS
60058,0.013193907,2048,ECS
60058,0.013212764,2048,ECS
60058,0.013115314,2048,ECS
60058,0.013192869,2048,ECS
60058,0.013109153,2048,ECS
60058,0.013264902,2048,ECS
60058,0.013354447,2048,ECS
60058,0.013091372,2048,ECS
60058,0.012842527,2048,ECS
60058,0.01290758,2048,ECS
60058,0.012983488,2048,ECS
60058,0.013000741,2048,ECS
60058,0.013154986,2048,ECS
60058,0.012985327,2048,ECS
60058,0.012955778,2048,ECS
60058,0.013250094,2048,ECS
60058,0.013009366,2048,ECS
60058,0.013143557,2048,ECS
60058,0.012946996,2048,ECS
60058,0.012942268,2048,ECS
60058,0.012963687,2048,ECS
60058,0.012974588,2048,ECS
60058,0.013201015,2048,ECS
60058,0.013226042,2048,ECS
60058,0.013041199,2048,ECS
65058,0.013040627,2048,ECS
65058,0.033366114,2048,ECS
65058,0.012937019,2048,ECS
65058,0.013041694,2048,ECS
65058,0.012913224,2048,ECS
65058,0.013068422,2048,ECS
65058,0.012996213,2048,ECS
65058,0.012924745,2048,ECS
65058,0.012995363,2048,ECS
65058,0.012992196,2048,ECS
65058,0.013274062,2048,ECS
65058,0.012867665,2048,ECS
65058,0.013096318,2048,ECS
65058,0.012977764,2048,ECS
65058,0.01310309,2048,ECS
65058,0.013084197,2048,ECS
65058,0.012910041,2048,ECS
65058,0.013103592,2048,ECS
65058,0.013006059,2048,ECS
65058,0.01296997,2048,ECS
65058,0.012983991,2048,ECS
65058,0.013073747,2048,ECS
65058,0.012906117,2048,ECS
65058,0.013713236,2048,ECS
65058,0.016118611,2048,ECS
65058,0.012946973,2048,ECS
65058,0.014105637,2048,ECS
65058,0.013815859,2048,ECS
65058,0.012913532,2048,ECS
65058,0.012970256,2048,ECS
65058,0.013247732,2048,ECS
65058,0.012810893,2048,ECS
65058,0.01290161,2048,ECS
65058,0.012888633,2048,ECS
65058,0.013054715,2048,ECS
65058,0.012978362,2048,ECS
65058,0.012842066,2048,ECS
65058,0.012914006,2048,ECS
65058,0.012875585,2048,ECS
65058,0.012872949,2048,ECS
65058,0.013094058,2048,ECS
65058,0.012946954,2048,ECS
65058,0.012763866,2048,ECS
65058,0.012763155,2048,ECS
65058,0.012936864,2048,ECS
65058,0.012842437,2048,ECS
65058,0.012836051,2048,ECS
65058,0.013595774,2048,ECS
65058,0.012950884,2048,ECS
65058,0.012844176,2048,ECS
70068,0.012255847,2048,ECS
70068,0.013025888,2048,ECS
70068,0.012892427,2048,ECS
70068,0.012913857,2048,ECS
70068,0.012970794,2048,ECS
70068,0.013150112,2048,ECS
70068,0.013001917,2048,ECS
70068,0.012887969,2048,ECS
70068,0.012924535,2048,ECS
70068,0.013046913,2048,ECS
70068,0.012106687,2048,ECS
70068,0.012804827,2048,ECS
70068,0.012822393,2048,ECS
70068,0.013054076,2048,ECS
70068,0.012870673,2048,ECS
70068,0.015393431,2048,ECS
70068,0.012952671,2048,ECS
70068,0.012953806,2048,ECS
70068,0.012955524,2048,ECS
70068,0.012890633,2048,ECS
70068,0.012931356,2048,ECS
70068,0.012861429,2048,ECS
70068,0.013103932,2048,ECS
70068,0.013231564,2048,ECS
70068,0.012885708,2048,ECS
70068,0.013043085,2048,ECS
70068,0.012912213,2048,ECS
70068,0.012911057,2048,ECS
70068,0.011985862,2048,ECS
70068,0.012833172,2048,ECS
70068,0.013279789,2048,ECS
70068,0.012935736,2048,ECS
70068,0.012913533,2048,ECS
70068,0.01306412,2048,ECS
70068,0.012858023,2048,ECS
70068,0.013029729,2048,ECS
70068,0.012777409,2048,ECS
70068,0.012979877,2048,ECS
70068,0.01307471,2048,ECS
70068,0.013026854,2048,ECS
70068,0.013177402,2048,ECS
70068,0.012878452,2048,ECS
70068,0.013179129,2048,ECS
70068,0.012837845,2048,ECS
70068,0.013018644,2048,ECS
70068,0.01290576,2048,ECS
70068,0.012959227,2048,ECS
70068,0.012828299,2048,ECS
70068,0.013099444,2048,ECS
70068,0.012911863,2048,ECS
75070,0.0131147,2048,ECS
75070,0.027483387,2048,ECS
75070,0.011913707,2048,ECS
75070,0.01294306,2048,ECS
75070,0.01301919,2048,ECS
75070,0.013065251,2048,ECS
75070,0.013072426,2048,ECS
75070,0.012974133,2048,ECS
75070,0.012876738,2048,ECS
75070,0.013041565,2048,ECS
75070,0.013113998,2048,ECS
75070,0.012871249,2048,ECS
75070,0.012984053,2048,ECS
75070,0.013196648,2048,ECS
75070,0.012922298,2048,ECS
75070,0.013015298,2048,ECS
75070,0.012829422,2048,ECS
75070,0.013207187,2048,ECS
75070,0.013055903,2048,ECS
75070,0.012937955,2048,ECS
75070,0.013253618,2048,ECS
75070,0.012928345,2048,ECS
75070,0.013107016,2048,ECS
75070,0.012944835,2048,ECS
75070,0.013137827,2048,ECS
75070,0.012997899,2048,ECS
75070,0.013470747,2048,ECS
75070,0.013017932,2048,ECS
75070,0.013051733,2048,ECS
75070,0.013110536,2048,ECS
75070,0.013015099,2048,ECS
75070,0.012885428,2048,ECS
75070,0.013445079,2048,ECS
75070,0.012926613,2048,ECS
75070,0.013002067,2048,ECS
75070,0.012891419,2048,ECS
75070,0.012846822,2048,ECS
75070,0.013038962,2048,ECS
75070,0.013189888,2048,ECS
75070,0.013181178,2048,ECS
75070,0.013741286,2048,ECS
75070,0.012967896,2048,ECS
75070,0.012990069,2048,ECS
75070,0.012909514,2048,ECS
75070,0.013217464,2048,ECS
75070,0.013151477,2048,ECS
75070,0.013330323,2048,ECS
75070,0.012012585,2048,ECS
75070,0.013014032,2048,ECS
75070,0.013189429,2048,ECS
80075,0.013350804,2048,ECS
80075,0.0131057,2048,ECS
80075,0.013066212,2048,ECS
80075,0.012991935,2048,ECS
80075,0.012976906,2048,ECS
80075,0.012967117,2048,ECS
80075,0.013178539,2048,ECS
80075,0.013233394,2048,ECS
80075,0.013017225,2048,ECS
80075,0.012943627,2048,ECS
80075,0.013087956,2048,ECS
80075,0.013055832,2048,ECS
80075,0.013090341,2048,ECS
80075,0.013145247,2048,ECS
80075,0.012836105,2048,ECS
80075,0.012967232,2048,ECS
80075,0.012997087,2048,ECS
80075,0.013082963,2048,ECS
80075,0.013147334,2048,ECS
80075,0.013186274,2048,ECS
80075,0.013286319,2048,ECS
80075,0.013021518,2048,ECS
80075,0.013040139,2048,ECS
80075,0.01295405,2048,ECS
80075,0.01295332,2048,ECS
80075,0.0130768,2048,ECS
80075,0.013118647,2048,ECS
80075,0.013133744,2048,ECS
80075,0.013017987,2048,ECS
80075,0.013144524,2048,ECS
80075,0.01306312,2048,ECS
80075,0.013101002,2048,ECS
80075,0.012957186,2048,ECS
80075,0.013009328,2048,ECS
80075,0.01300735,2048,ECS
80075,0.012950828,2048,ECS
80075,0.0130332,2048,ECS
80075,0.012992229,2048,ECS
80075,0.013004546,2048,ECS
80075,0.01308074,2048,ECS
80075,0.013300027,2048,ECS
80075,0.013252777,2048,ECS
80075,0.012883313,2048,ECS
80075,0.013068642,2048,ECS
80075,0.012970071,2048,ECS
80075,0.013273254,2048,ECS
80075,0.013042516,2048,ECS
80075,0.013281211,2048,ECS
80075,0.013037674,2048,ECS
80075,0.013057944,2048,ECS
85085,0.013031797,2048,ECS
85085,0.020507365,2048,ECS
85085,0.012908147,2048,ECS
85085,0.013194015,2048,ECS
85085,0.013905883,2048,ECS
85085,0.012992641,2048,ECS
85085,0.013056701,2048,ECS
85085,0.012894991,2048,ECS
85085,0.013381936,2048,ECS
85085,0.013025583,2048,ECS
85085,0.013047155,2048,ECS
85085,0.013143559,2048,ECS
85085,0.013093384,2048,ECS
85085,0.012993427,2048,ECS
85085,0.013098716,2048,ECS
85085,0.013206469,2048,ECS
85085,0.013136738,2048,ECS
85085,0.013023911,2048,ECS
85085,0.013137993,2048,ECS
85085,0.012945037,2048,ECS
85085,0.013199478,2048,ECS
85085,0.012781067,2048,ECS
85085,0.012856046,2048,ECS
85085,0.013992981,2048,ECS
85085,0.012905243,2048,ECS
85085,0.012929176,2048,ECS
85085,0.012906223,2048,ECS
85085,0.012867855,2048,ECS
85085,0.013042276,2048,ECS
85085,0.012957847,2048,ECS
85085,0.013266307,2048,ECS
85085,0.012969863,2048,ECS
85085,0.013062424,2048,ECS
85085,0.012965537,2048,ECS
85085,0.013100623,2048,ECS
85085,0.013194387,2048,ECS
85085,0.013043416,2048,ECS
85085,0.013179116,2048,ECS
85085,0.013042179,2048,ECS
85085,0.012994532,2048,ECS
85085,0.013083676,2048,ECS
85085,0.012998176,2048,ECS
85085,0.013193554,2048,ECS
85085,0.012831645,2048,ECS
85085,0.013347637,2048,ECS
85085,0.012942652,2048,ECS
85085,0.013153,2048,ECS
85085,0.012972033,2048,ECS
85085,0.012939582,2048,ECS
85085,0.013074988,2048,ECS
90087,0.013253194,2048,ECS
90087,0.01303136,2048,ECS
90087,0.013000001,2048,ECS
90087,0.012888156,2048,ECS
90087,0.01311809,2048,ECS
90087,0.013099023,2048,ECS
90087,0.01322191,2048,ECS
90087,0.012838729,2048,ECS
90087,0.012958141,2048,ECS
90087,0.012919772,2048,ECS
90087,0.013099876,2048,ECS
90087,0.013081633,2048,ECS
90087,0.013176488,2048,ECS
90087,0.013702934,2048,ECS
90087,0.012959931,2048,ECS
90087,0.013003173,2048,ECS
90087,0.013085133,2048,ECS
90087,0.012921877,2048,ECS
90087,0.013018657,2048,ECS
90087,0.013017397,2048,ECS
90087,0.013212365,2048,ECS
90087,0.013194831,2048,ECS
90087,0.013052363,2048,ECS
90087,0.012942144,2048,ECS
90087,0.013016815,2048,ECS
90087,0.013000032,2048,ECS
90087,0.012868112,2048,ECS
90087,0.012919929,2048,ECS
90087,0.013118736,2048,ECS
90087,0.012855847,2048,ECS
90087,0.013023167,2048,ECS
90087,0.012881602,2048,ECS
90087,0.012889054,2048,ECS
90087,0.012883601,2048,ECS
90087,0.012992879,2048,ECS
90087,0.01301326,2048,ECS
90087,0.012980752,2048,ECS
90087,0.012981228,2048,ECS
90087,0.013095561,2048,ECS
90087,0.013002171,2048,ECS
90087,0.01320427,2048,ECS
90087,0.013011993,2048,ECS
90087,0.012970602,2048,ECS
90087,0.012999609,2048,ECS
90087,0.012965484,2048,ECS
90087,0.013956021,2048,ECS
90087,0.013198386,2048,ECS
90087,0.013093833,2048,ECS
90087,0.013008397,2048,ECS
90087,0.012917405,2048,ECS
95088,0.013051473,2048,ECS
95088,0.027938263,2048,ECS
95088,0.013036686,2048,ECS
95088,0.013205588,2048,ECS
95088,0.012891861,2048,ECS
95088,0.012977398,2048,ECS
95088,0.012946984,2048,ECS
95088,0.013004298,2048,ECS
95088,0.013121724,2048,ECS
95088,0.012993253,2048,ECS
95088,0.013040261,2048,ECS
95088,0.012908323,2048,ECS
95088,0.013038508,2048,ECS
95088,0.012991744,2048,ECS
95088,0.013004492,2048,ECS
95088,0.013089504,2048,ECS
95088,0.013061297,2048,ECS
95088,0.013024372,2048,ECS
95088,0.013024249,2048,ECS
95088,0.01317481,2048,ECS
95088,0.01320978,2048,ECS
95088,0.012945692,2048,ECS
95088,0.01295175,2048,ECS
95088,0.012968634,2048,ECS
95088,0.013028018,2048,ECS
95088,0.011993117,2048,ECS
95088,0.013031573,2048,ECS
95088,0.013217572,2048,ECS
95088,0.013239914,2048,ECS
95088,0.013080134,2048,ECS
95088,0.013112973,2048,ECS
95088,0.013018799,2048,ECS
95088,0.01302679,2048,ECS
95088,0.012937234,2048,ECS
95088,0.013047221,2048,ECS
95088,0.013314502,2048,ECS
95088,0.01307276,2048,ECS
95088,0.012914952,2048,ECS
95088,0.01306384,2048,ECS
95088,0.012965596,2048,ECS
95088,0.013087106,2048,ECS
95088,0.012974313,2048,ECS
95088,0.013028025,2048,ECS
95088,0.013224271,2048,ECS
95088,0.012981525,2048,ECS
95088,0.012919284,2048,ECS
95088,0.012915323,2048,ECS
95088,0.012937646,2048,ECS
95088,0.012884964,2048,ECS
95088,0.012892461,2048,ECS
100098,0.013158075,2048,ECS
100098,0.013374915,2048,ECS
100098,0.013927316,2048,ECS
100098,0.01306487,2048,ECS
100098,0.013005678,2048,ECS
100098,0.0130068,2048,ECS
100098,0.013130313,2048,ECS
100098,0.013820686,2048,ECS
100098,0.012927053,2048,ECS
100098,0.013132316,2048,ECS
100098,0.012984629,2048,ECS
100098,0.012953756,2048,ECS
100098,0.012891227,2048,ECS
100098,0.0131859,2048,ECS
100098,0.012989566,2048,ECS
100098,0.013159291,2048,ECS
100098,0.013253563,2048,ECS
100098,0.013018832,2048,ECS
100098,0.013042613,2048,ECS
100098,0.012898579,2048,ECS
100098,0.01296433,2048,ECS
100098,0.012907253,2048,ECS
100098,0.01295982,2048,ECS
100098,0.012816818,2048,ECS
100098,0.01292035,2048,ECS
100098,0.012949843,2048,ECS
100098,0.012960039,2048,ECS
100098,0.012889689,2048,ECS
100098,0.013082458,2048,ECS
100098,0.012939938,2048,ECS
100098,0.013246907,2048,ECS
100098,0.012922313,2048,ECS
100098,0.013022035,2048,ECS
100098,0.013045927,2048,ECS
100098,0.012924841,2048,ECS
100098,0.013020704,2048,ECS
100098,0.013392333,2048,ECS
100098,0.013214241,2048,ECS
100098,0.012978625,2048,ECS
100098,0.012964391,2048,ECS
100098,0.013263374,2048,ECS
100098,0.013307147,2048,ECS
100098,0.01502832,2048,ECS
100098,0.012929586,2048,ECS
100098,0.012909401,2048,ECS
100098,0.012947106,2048,ECS
100098,0.013077428,2048,ECS
100098,0.012832851,2048,ECS
100098,0.012977131,2048,ECS
100098,0.012950966,2048,ECS
105099,0.013016378,2048,ECS
105099,0.022415831,2048,ECS
105099,0.012904189,2048,ECS
105099,0.013107335,2048,ECS
105099,0.013091263,2048,ECS
105099,0.013133175,2048,ECS
105099,0.012991451,2048,ECS
105099,0.013089996,2048,ECS
105099,0.013046198,2048,ECS
105099,0.013021591,2048,ECS
105099,0.01315371,2048,ECS
105099,0.012941224,2048,ECS
105099,0.013113254,2048,ECS
105099,0.013038517,2048,ECS
105099,0.012982232,2048,ECS
105099,0.013034157,2048,ECS
105099,0.012983351,2048,ECS
105099,0.011990796,2048,ECS
105099,0.012899391,2048,ECS
105099,0.012951603,2048,ECS
105099,0.013176358,2048,ECS
105099,0.012979386,2048,ECS
105099,0.013188772,2048,ECS
105099,0.013007054,2048,ECS
105099,0.013075721,2048,ECS
105099,0.013127793,2048,ECS
105099,0.013018365,2048,ECS
105099,0.013242672,2048,ECS
105099,0.013044973,2048,ECS
105099,0.013242618,2048,ECS
105099,0.013294498,2048,ECS
105099,0.012990513,2048,ECS
105099,0.013000429,2048,ECS
105099,0.012924665,2048,ECS
105099,0.012993417,2048,ECS
105099,0.013138086,2048,ECS
105099,0.013108389,2048,ECS
105099,0.013153144,2048,ECS
105099,0.013195668,2048,ECS
105099,0.01300133,2048,ECS
105099,0.013062593,2048,ECS
105099,0.012947432,2048,ECS
105099,0.013366598,2048,ECS
105099,0.013419268,2048,ECS
105099,0.012989226,2048,ECS
105099,0.012922596,2048,ECS
105099,0.013025403,2048,ECS
105099,0.012893847,2048,ECS
105099,0.01296567,2048,ECS
105099,0.012968609,2048,ECS
110106,0.013319838,2048,ECS
110106,0.013005197,2048,ECS
110106,0.012872598,2048,ECS
110106,0.01302514,2048,ECS
110106,0.013096526,2048,ECS
110106,0.012538536,2048,ECS
110106,0.012974974,2048,ECS
110106,0.013000896,2048,ECS
110106,0.013036898,2048,ECS
110106,0.012939968,2048,ECS
110106,0.012955021,2048,ECS
110106,0.012885416,2048,ECS
110106,0.013025301,2048,ECS
110106,0.01292488,2048,ECS
110106,0.013079507,2048,ECS
110106,0.013049079,2048,ECS
110106,0.013433174,2048,ECS
110106,0.013471226,2048,ECS
110106,0.013104643,2048,ECS
110106,0.013072287,2048,ECS
110106,0.013035524,2048,ECS
110106,0.013194318,2048,ECS
110106,0.012983818,2048,ECS
110106,0.012947528,2048,ECS
110106,0.012928588,2048,ECS
110106,0.012801945,2048,ECS
110106,0.012945864,2048,ECS
110106,0.01294309,2048,ECS
110106,0.012986694,2048,ECS
110106,0.012989784,2048,ECS
110106,0.013315882,2048,ECS
110106,0.013109637,2048,ECS
110106,0.013048061,2048,ECS
110106,0.012876922,2048,ECS
110106,0.012863355,2048,ECS
110106,0.012993417,2048,ECS
110106,0.013735357,2048,ECS
110106,0.012978628,2048,ECS
110106,0.013194534,2048,ECS
110106,0.013001919,2048,ECS
110106,0.013130491,2048,ECS
110106,0.01310648,2048,ECS
110106,0.013047055,2048,ECS
110106,0.01311665,2048,ECS
110106,0.013124979,2048,ECS
110106,0.013088569,2048,ECS
110106,0.012851526,2048,ECS
110106,0.012996432,2048,ECS
110106,0.012840053,2048,ECS
110106,0.013021152,2048,ECS
115114,0.013184136,2048,ECS
115114,0.02839603,2048,ECS
115114,0.0130427,2048,ECS
115114,0.013224795,2048,ECS
115114,0.012950631,2048,ECS
115114,0.013174433,2048,ECS
115114,0.013086512,2048,ECS
115114,0.013073746,2048,ECS
115114,0.013162753,2048,ECS
115114,0.012952255,2048,ECS
115114,0.013116629,2048,ECS
115114,0.013100804,2048,ECS
115114,0.013047584,2048,ECS
115114,0.013107629,2048,ECS
115114,0.013012908,2048,ECS
115114,0.012904053,2048,ECS
115114,0.013058346,2048,ECS
115114,0.01300026,2048,ECS
115114,0.012822792,2048,ECS
115114,0.01305833,2048,ECS
115114,0.013268625,2048,ECS
115114,0.012879478,2048,ECS
115114,0.012905652,2048,ECS
115114,0.012966381,2048,ECS
115114,0.01318489,2048,ECS
115114,0.012963721,2048,ECS
115114,0.013036456,2048,ECS
115114,0.012969942,2048,ECS
115114,0.013008098,2048,ECS
115114,0.013133432,2048,ECS
115114,0.013060628,2048,ECS
115114,0.013137043,2048,ECS
115114,0.013048553,2048,ECS
115114,0.012990917,2048,ECS
115114,0.013120264,2048,ECS
115114,0.013151077,2048,ECS
115114,0.012992808,2048,ECS
115114,0.012950298,2048,ECS
115114,0.013124112,2048,ECS
115114,0.018345916,2048,ECS
115114,0.013165649,2048,ECS
115114,0.012910759,2048,ECS
115114,0.012745856,2048,ECS
115114,0.013075582,2048,ECS
115114,0.013017515,2048,ECS
115114,0.013009509,2048,ECS
115114,0.013177294,2048,ECS
115114,0.012991871,2048,ECS
115114,0.012960785,2048,ECS
115114,0.013010103,2048,ECS
120120,0.01318932,2048,ECS
120120,0.012914083,2048,ECS
120120,0.013053748,2048,ECS
120120,0.013174615,2048,ECS
120120,0.012994342,2048,ECS
120120,0.012927816,2048,ECS
120120,0.012945767,2048,ECS
120120,0.012075278,2048,ECS
120120,0.013163925,2048,ECS
120120,0.015706976,2048,ECS
120120,0.01323732,2048,ECS
120120,0.012920898,2048,ECS
120120,0.012936042,2048,ECS
120120,0.013135398,2048,ECS
120120,0.012076583,2048,ECS
120120,0.012093018,2048,ECS
120120,0.013215777,2048,ECS
120120,0.013033207,2048,ECS
120120,0.012983361,2048,ECS
120120,0.01318801,2048,ECS
120120,0.013189129,2048,ECS
120120,0.013192688,2048,ECS
120120,0.012983278,2048,ECS
120120,0.013064821,2048,ECS
120120,0.013140246,2048,ECS
120120,0.012940456,2048,ECS
120120,0.013016391,2048,ECS
120120,0.013181555,2048,ECS
120120,0.013078011,2048,ECS
120120,0.012983303,2048,ECS
120120,0.013240816,2048,ECS
120120,0.012915163,2048,ECS
120120,0.012972788,2048,ECS
120120,0.013210627,2048,ECS
120120,0.012959682,2048,ECS
120120,0.013225882,2048,ECS
120120,0.013068579,2048,ECS
120120,0.012934864,2048,ECS
120120,0.013307428,2048,ECS
120120,0.012887179,2048,ECS
120120,0.013061934,2048,ECS
120120,0.012907466,2048,ECS
120120,0.012986147,2048,ECS
120120,0.012924878,2048,ECS
120120,0.013077953,2048,ECS
120120,0.012921035,2048,ECS
120120,0.013071057,2048,ECS
120120,0.012995509,2048,ECS
120120,0.012925917,2048,ECS
120120,0.012965987,2048,ECS
125121,0.012265727,2048,ECS
125121,0.02868779,2048,ECS
125121,0.012892393,2048,ECS
125121,0.012847471,2048,ECS
125121,0.01295512,2048,ECS
125121,0.012983606,2048,ECS
125121,0.012870164,2048,ECS
125121,0.012939762,2048,ECS
125121,0.013121525,2048,ECS
125121,0.012931227,2048,ECS
125121,0.013265103,2048,ECS
125121,0.013095596,2048,ECS
125121,0.013023591,2048,ECS
125121,0.012985471,2048,ECS
125121,0.012861931,2048,ECS
125121,0.013044015,2048,ECS
125121,0.012885135,2048,ECS
125121,0.012940416,2048,ECS
125121,0.012881589,2048,ECS
125121,0.012978097,2048,ECS
125121,0.013103354,2048,ECS
125121,0.012873555,2048,ECS
125121,0.012916838,2048,ECS
125121,0.012861287,2048,ECS
125121,0.013858556,2048,ECS
125121,0.013062842,2048,ECS
125121,0.013007697,2048,ECS
125121,0.01280267,2048,ECS
125121,0.012853412,2048,ECS
125121,0.013947885,2048,ECS
125121,0.013334179,2048,ECS
125121,0.015640396,2048,ECS
125121,0.013223176,2048,ECS
125121,0.013037385,2048,ECS
125121,0.012975852,2048,ECS
125121,0.013283134,2048,ECS
125121,0.013076297,2048,ECS
125121,0.012966865,2048,ECS
125121,0.012876162,2048,ECS
125121,0.012979903,2048,ECS
125121,0.012997247,2048,ECS
125121,0.01296557,2048,ECS
125121,0.01278747,2048,ECS
125121,0.012871604,2048,ECS
125121,0.013083377,2048,ECS
125121,0.01295406,2048,ECS
125121,0.012919106,2048,ECS
125121,0.01299416,2048,ECS
125121,0.012887633,2048,ECS
125121,0.013081973,2048,ECS
130130,0.013314461,2048,ECS
130130,0.013031362,2048,ECS
130130,0.012945993,2048,ECS
130130,0.012995329,2048,ECS
130130,0.013046463,2048,ECS
130130,0.013112059,2048,ECS
130130,0.01306152,2048,ECS
130130,0.012983119,2048,ECS
130130,0.013047589,2048,ECS
130130,0.01297682,2048,ECS
130130,0.013088343,2048,ECS
130130,0.01296902,2048,ECS
130130,0.01307628,2048,ECS
130130,0.012877216,2048,ECS
130130,0.012884315,2048,ECS
130130,0.012858786,2048,ECS
130130,0.012911111,2048,ECS
130130,0.012958371,2048,ECS
130130,0.01287899,2048,ECS
130130,0.0129127,2048,ECS
130130,0.013226259,2048,ECS
130130,0.012945841,2048,ECS
130130,0.012961378,2048,ECS
130130,0.012865356,2048,ECS
130130,0.01305312,2048,ECS
130130,0.012894555,2048,ECS
130130,0.012885518,2048,ECS
130130,0.012831176,2048,ECS
130130,0.012983619,2048,ECS
130130,0.012853644,2048,ECS
130130,0.01308823,2048,ECS
130130,0.012887421,2048,ECS
130130,0.012875755,2048,ECS
130130,0.012903199,2048,ECS
130130,0.012929544,2048,ECS
130130,0.012976739,2048,ECS
130130,0.01300306,2048,ECS
130130,0.013003936,2048,ECS
130130,0.012910125,2048,ECS
130130,0.012918719,2048,ECS
130130,0.01312666,2048,ECS
130130,0.012976724,2048,ECS
130130,0.013318339,2048,ECS
130130,0.013377465,2048,ECS
130130,0.012971988,2048,ECS
130130,0.012822993,2048,ECS
130130,0.012883144,2048,ECS
130130,0.013021208,2048,ECS
130130,0.012844949,2048,ECS
130130,0.012915622,2048,ECS
135139,0.013128446,2048,ECS
135139,0.028247419,2048,ECS
135139,0.012824235,2048,ECS
135139,0.013268113,2048,ECS
135139,0.012939616,2048,ECS
135139,0.012991581,2048,ECS
135139,0.013366744,2048,ECS
135139,0.013138203,2048,ECS
135139,0.013331618,2048,ECS
135139,0.013064478,2048,ECS
135139,0.013106603,2048,ECS
135139,0.012916607,2048,ECS
135139,0.013034481,2048,ECS
135139,0.013047,2048,ECS
135139,0.012905542,2048,ECS
135139,0.013068613,2048,ECS
135139,0.012968877,2048,ECS
135139,0.01299828,2048,ECS
135139,0.012880358,2048,ECS
135139,0.012931184,2048,ECS
135139,0.013132065,2048,ECS
135139,0.012965266,2048,ECS
135139,0.013033506,2048,ECS
135139,0.013066486,2048,ECS
135139,0.013035914,2048,ECS
135139,0.01312011,2048,ECS
135139,0.012944957,2048,ECS
135139,0.013122582,2048,ECS
135139,0.013064009,2048,ECS
135139,0.012963214,2048,ECS
135139,0.01317786,2048,ECS
135139,0.013124077,2048,ECS
135139,0.013183877,2048,ECS
135139,0.012975506,2048,ECS
135139,0.012962682,2048,ECS
135139,0.01312761,2048,ECS
135139,0.012973898,2048,ECS
135139,0.012953769,2048,ECS
135139,0.013027599,2048,ECS
135139,0.013025122,2048,ECS
135139,0.013076512,2048,ECS
135139,0.012928123,2048,ECS
135139,0.012998091,2048,ECS
135139,0.012968582,2048,ECS
135139,0.012922443,2048,ECS
135139,0.013021562,2048,ECS
135139,0.012897116,2048,ECS
135139,0.013100467,2048,ECS
135139,0.01295488,2048,ECS
135139,0.012824676,2048,ECS
140142,0.013013798,2048,ECS
140142,0.012833375,2048,ECS
140142,0.01340377,2048,ECS
140142,0.013098984,2048,ECS
140142,0.012837247,2048,ECS
140142,0.013016513,2048,ECS
140142,0.0130156,2048,ECS
140142,0.013242635,2048,ECS
140142,0.012136613,2048,ECS
140142,0.012936779,2048,ECS
140142,0.013028368,2048,ECS
140142,0.012981394,2048,ECS
140142,0.013020356,2048,ECS
140142,0.013013668,2048,ECS
140142,0.013647694,2048,ECS
140142,0.013098178,2048,ECS
140142,0.013094538,2048,ECS
140142,0.01316329,2048,ECS
140142,0.012879368,2048,ECS
140142,0.013065567,2048,ECS
140142,0.013133733,2048,ECS
140142,0.01300178,2048,ECS
140142,0.012952354,2048,ECS
140142,0.013113978,2048,ECS
140142,0.012976726,2048,ECS
140142,0.012962155,2048,ECS
140142,0.01306702,2048,ECS
140142,0.01304292,2048,ECS
140142,0.013052767,2048,ECS
140142,0.013094902,2048,ECS
140142,0.012994325,2048,ECS
140142,0.013310368,2048,ECS
140142,0.013039804,2048,ECS
140142,0.013034253,2048,ECS
140142,0.013009573,2048,ECS
140142,0.012861598,2048,ECS
140142,0.01309561,2048,ECS
140142,0.017818187,2048,ECS
140142,0.012951493,2048,ECS
140142,0.01319899,2048,ECS
140142,0.013109947,2048,ECS
140142,0.011938408,2048,ECS
140142,0.01296354,2048,ECS
140142,0.012950948,2048,ECS
140142,0.012052839,2048,ECS
140142,0.012862295,2048,ECS
140142,0.012888763,2048,ECS
140142,0.01284736,2048,ECS
140142,0.012846642,2048,ECS
140142,0.012941719,2048,ECS
145144,0.013180351,2048,ECS
145144,0.026535197,2048,ECS
145144,0.011843906,2048,ECS
145144,0.012920996,2048,ECS
145144,0.012978263,2048,ECS
145144,0.013022061,2048,ECS
145144,0.013675089,2048,ECS
145144,0.012907368,2048,ECS
145144,0.01286128,2048,ECS
145144,0.013047708,2048,ECS
145144,0.013241536,2048,ECS
145144,0.01311568,2048,ECS
145144,0.013057907,2048,ECS
145144,0.013016708,2048,ECS
145144,0.012972868,2048,ECS
145144,0.013014402,2048,ECS
145144,0.013164549,2048,ECS
145144,0.012822297,2048,ECS
145144,0.013185237,2048,ECS
145144,0.013043968,2048,ECS
145144,0.013550724,2048,ECS
145144,0.013171886,2048,ECS
145144,0.013031188,2048,ECS
145144,0.013425703,2048,ECS
145144,0.013063323,2048,ECS
145144,0.01309935,2048,ECS
145144,0.013345192,2048,ECS
145144,0.013080165,2048,ECS
145144,0.014273732,2048,ECS
145144,0.014158701,2048,ECS
145144,0.013480623,2048,ECS
145144,0.012881268,2048,ECS
145144,0.012868424,2048,ECS
145144,0.013107457,2048,ECS
145144,0.012895987,2048,ECS
145144,0.012922287,2048,ECS
145144,0.013058888,2048,ECS
145144,0.012997709,2048,ECS
145144,0.012943308,2048,ECS
145144,0.012956825,2048,ECS
145144,0.013159413,2048,ECS
145144,0.012989913,2048,ECS
145144,0.013026463,2048,ECS
145144,0.013081945,2048,ECS
145144,0.012987442,2048,ECS
145144,0.01291604,2048,ECS
145144,0.012926357,2048,ECS
145144,0.012852204,2048,ECS
145144,0.012959316,2048,ECS
145144,0.012866567,2048,ECS
150146,0.013268517,2048,ECS
150146,0.012886588,2048,ECS
150146,0.013154847,2048,ECS
150146,0.013063434,2048,ECS
150146,0.013010173,2048,ECS
150146,0.012947556,2048,ECS
150146,0.013000976,2048,ECS
150146,0.012926308,2048,ECS
150146,0.013021742,2048,ECS
150146,0.012889487,2048,ECS
150146,0.013253131,2048,ECS
150146,0.012941541,2048,ECS
150146,0.012880721,2048,ECS
150146,0.01307741,2048,ECS
150146,0.013317945,2048,ECS
150146,0.012983165,2048,ECS
150146,0.012920316,2048,ECS
150146,0.012813882,2048,ECS
150146,0.012831985,2048,ECS
150146,0.013020307,2048,ECS
150146,0.013022335,2048,ECS
150146,0.013003006,2048,ECS
150146,0.012952901,2048,ECS
150146,0.012991503,2048,ECS
150146,0.012937305,2048,ECS
150146,0.012968321,2048,ECS
150146,0.013579808,2048,ECS
150146,0.012119301,2048,ECS
150146,0.013081747,2048,ECS
150146,0.04213681,1769,Lambda
150146,0.030462755,1769,Lambda
150146,0.026991778,1769,Lambda
150146,0.025610116,1769,Lambda
150146,0.022481742,1769,Lambda
150146,0.025164871,1769,Lambda
150146,0.026484198,1769,Lambda
150146,0.025103689,1769,Lambda
150146,0.027016578,1769,Lambda
150146,0.029287157,1769,Lambda
150146,0.026745074,1769,Lambda
150146,0.02636468,1769,Lambda
150146,0.028163989,1769,Lambda
150146,0.023737263,1769,Lambda
150146,0.024500005,1769,Lambda
150146,0.027955531,1769,Lambda
150146,0.027576592,1769,Lambda
150146,0.025815086,1769,Lambda
150146,0.025502208,1769,Lambda
150146,0.025572464,1769,Lambda
150146,0.023153305,1769,Lambda
155149,0.074487041,1769,Lambda
155149,0.02927539,1769,Lambda
155149,0.024480677,1769,Lambda
155149,0.023282299,1769,Lambda
155149,0.023896433,1769,Lambda
155149,0.024526923,1769,Lambda
155149,0.024829735,1769,Lambda
155149,0.021680265,1769,Lambda
155149,0.022707394,1769,Lambda
155149,0.024033527,1769,Lambda
155149,0.026636277,1769,Lambda
155149,0.0275581,1769,Lambda
155149,0.024166618,1769,Lambda
155149,0.022346236,1769,Lambda
155149,0.022616145,1769,Lambda
155149,0.032809418,1769,Lambda
155149,0.024475791,1769,Lambda
155149,0.024948645,1769,Lambda
155149,0.024254939,1769,Lambda
155149,0.025796981,1769,Lambda
155149,0.023972257,1769,Lambda
155149,0.022565237,1769,Lambda
155149,0.025113869,1769,Lambda
155149,0.025221746,1769,Lambda
155149,0.027591699,1769,Lambda
155149,0.028446502,1769,Lambda
155149,0.023910909,1769,Lambda
155149,0.024335826,1769,Lambda
155149,0.024894223,1769,Lambda
155149,0.023573532,1769,Lambda
155149,0.025946002,1769,Lambda
155149,0.026181599,1769,Lambda
155149,0.024770108,1769,Lambda
155149,0.021974972,1769,Lambda
155149,0.023638958,1769,Lambda
155149,0.023982963,1769,Lambda
155149,0.02446878,1769,Lambda
155149,0.024710004,1769,Lambda
155149,0.023605492,1769,Lambda
155149,0.021099012,1769,Lambda
155149,0.023590932,1769,Lambda
155149,0.02535996,1769,Lambda
155149,0.025923646,1769,Lambda
155149,0.026035235,1769,Lambda
155149,0.027939439,1769,Lambda
155149,0.023074022,1769,Lambda
155149,0.025474031,1769,Lambda
155149,0.02422829,1769,Lambda
155149,0.022943808,1769,Lambda
155149,0.02183663,1769,Lambda
160151,0.02486035,1769,Lambda
160151,0.022686514,1769,Lambda
160151,0.027031267,1769,Lambda
160151,0.023236633,1769,Lambda
160151,0.023490474,1769,Lambda
160151,0.02501613,1769,Lambda
160151,0.024200698,1769,Lambda
160151,0.024701611,1769,Lambda
160151,0.02550616,1769,Lambda
160151,0.024980205,1769,Lambda
160151,0.024533205,1769,Lambda
160151,0.024404416,1769,Lambda
160151,0.023930288,1769,Lambda
160151,0.024964288,1769,Lambda
160151,0.024207065,1769,Lambda
160151,0.028621028,1769,Lambda
160151,0.024128215,1769,Lambda
160151,0.051069071,1769,Lambda
160151,0.048555039,1769,Lambda
160151,0.030933059,1769,Lambda
160151,0.024217043,1769,Lambda
160151,0.024289014,1769,Lambda
160151,0.026644444,1769,Lambda
160151,0.02429834,1769,Lambda
160151,0.023932996,1769,Lambda
160151,0.024024457,1769,Lambda
160151,0.025299175,1769,Lambda
160151,0.027557221,1769,Lambda
160151,0.02297783,1769,Lambda
160151,0.027660825,1769,Lambda
160151,0.02676659,1769,Lambda
160151,0.028397956,1769,Lambda
160151,0.023857125,1769,Lambda
160151,0.030517412,1769,Lambda
160151,0.025802007,1769,Lambda
160151,0.025158221,1769,Lambda
160151,0.022793967,1769,Lambda
160151,0.028127533,1769,Lambda
160151,0.023482289,1769,Lambda
160151,0.023612301,1769,Lambda
160151,0.026135347,1769,Lambda
160151,0.025461421,1769,Lambda
160151,0.023756208,1769,Lambda
160151,0.025822425,1769,Lambda
160151,0.025721766,1769,Lambda
160151,0.025274229,1769,Lambda
160151,0.024488903,1769,Lambda
160151,0.025250334,1769,Lambda
160151,0.024585671,1769,Lambda
160151,0.023253958,1769,Lambda
165156,0.025378349,1769,Lambda
165156,0.028385836,1769,Lambda
165156,0.026385167,1769,Lambda
165156,0.026196774,1769,Lambda
165156,0.026103795,1769,Lambda
165156,0.027028709,1769,Lambda
165156,0.024035198,1769,Lambda
165156,0.026738742,1769,Lambda
165156,0.027562176,1769,Lambda
165156,0.023877535,1769,Lambda
165156,0.027759309,1769,Lambda
165156,0.02637024,1769,Lambda
165156,0.024381821,1769,Lambda
165156,0.025848993,1769,Lambda
165156,0.023569173,1769,Lambda
165156,0.022691011,1769,Lambda
165156,0.027808848,1769,Lambda
165156,0.030063514,1769,Lambda
165156,0.025206295,1769,Lambda
165156,0.026845691,1769,Lambda
165156,0.024560857,1769,Lambda
165156,0.024419276,1769,Lambda
165156,0.023455573,1769,Lambda
165156,0.024765838,1769,Lambda
165156,0.021742797,1769,Lambda
165156,0.023724143,1769,Lambda
165156,0.025990092,1769,Lambda
165156,0.02513522,1769,Lambda
165156,0.024085327,1769,Lambda
165156,0.023576561,1769,Lambda
165156,0.024317933,1769,Lambda
165156,0.02704431,1769,Lambda
165156,0.023301807,1769,Lambda
165156,0.024135403,1769,Lambda
165156,0.025383054,1769,Lambda
165156,0.023206313,1769,Lambda
165156,0.026055907,1769,Lambda
165156,0.026176558,1769,Lambda
165156,0.021171141,1769,Lambda
165156,0.023833168,1769,Lambda
165156,0.025469557,1769,Lambda
165156,0.025595691,1769,Lambda
165156,0.024218432,1769,Lambda
165156,0.024775971,1769,Lambda
165156,0.023996357,1769,Lambda
165156,0.023750116,1769,Lambda
165156,0.025630794,1769,Lambda
165156,0.025807687,1769,Lambda
165156,0.025909113,1769,Lambda
165156,0.027361158,1769,Lambda
170162,0.023955389,1769,Lambda
170162,0.023535246,1769,Lambda
170162,0.025712948,1769,Lambda
170162,0.023537045,1769,Lambda
170162,0.025398876,1769,Lambda
170162,0.025877452,1769,Lambda
170162,0.025088254,1769,Lambda
170162,0.027360751,1769,Lambda
170162,0.022989453,1769,Lambda
170162,0.022734548,1769,Lambda
170162,0.025946695,1769,Lambda
170162,0.037087043,1769,Lambda
170162,0.027590644,1769,Lambda
170162,0.024068762,1769,Lambda
170162,0.025767658,1769,Lambda
170162,0.022897305,1769,Lambda
170162,0.026492442,1769,Lambda
170162,0.025596489,1769,Lambda
170162,0.024479047,1769,Lambda
170162,0.026163416,1769,Lambda
170162,0.026035561,1769,Lambda
170162,0.024714075,1769,Lambda
170162,0.024944063,1769,Lambda
170162,0.024032977,1769,Lambda
170162,0.026399428,1769,Lambda
170162,0.024598198,1769,Lambda
170162,0.026047674,1769,Lambda
170162,0.02603715,1769,Lambda
170162,0.028647717,1769,Lambda
170162,0.029365335,1769,Lambda
170162,0.02398571,1769,Lambda
170162,0.02266184,1769,Lambda
170162,0.027389107,1769,Lambda
170162,0.024545756,1769,Lambda
170162,0.022323979,1769,Lambda
170162,0.023987623,1769,Lambda
170162,0.025521065,1769,Lambda
170162,0.023394862,1769,Lambda
170162,0.025359855,1769,Lambda
170162,0.02481057,1769,Lambda
170162,0.024693376,1769,Lambda
170162,0.027184369,1769,Lambda
170162,0.026043474,1769,Lambda
170162,0.023141926,1769,Lambda
170162,0.024079072,1769,Lambda
170162,0.023279342,1769,Lambda
170162,0.024250673,1769,Lambda
170162,0.024356033,1769,Lambda
170162,0.022484061,1769,Lambda
170162,0.028113646,1769,Lambda
175164,0.116644927,1769,Lambda
175164,0.024215561,1769,Lambda
175164,0.035664093,1769,Lambda
175164,0.025107912,1769,Lambda
175164,0.035028571,1769,Lambda
175164,0.023250513,1769,Lambda
175164,0.036799559,1769,Lambda
175164,0.022292156,1769,Lambda
175164,0.023228301,1769,Lambda
175164,0.024428122,1769,Lambda
175164,0.026133916,1769,Lambda
175164,0.021621002,1769,Lambda
175164,0.023012381,1769,Lambda
175164,0.022805663,1769,Lambda
175164,0.023183231,1769,Lambda
175164,0.026923144,1769,Lambda
175164,0.02246117,1769,Lambda
175164,0.024236503,1769,Lambda
175164,0.029220567,1769,Lambda
175164,0.025729075,1769,Lambda
175164,0.024089724,1769,Lambda
175164,0.023765057,1769,Lambda
175164,0.025465933,1769,Lambda
175164,0.023218622,1769,Lambda
175164,0.02261369,1769,Lambda
175164,0.024623302,1769,Lambda
175164,0.022674781,1769,Lambda
175164,0.025168601,1769,Lambda
175164,0.024099776,1769,Lambda
175164,0.023642106,1769,Lambda
175164,0.023684288,1769,Lambda
175164,0.025568351,1769,Lambda
175164,0.025905891,1769,Lambda
175164,0.028980941,1769,Lambda
175164,0.024994732,1769,Lambda
175164,0.02670687,1769,Lambda
175164,0.023275048,1769,Lambda
175164,0.025995746,1769,Lambda
175164,0.022092581,1769,Lambda
175164,0.026810602,1769,Lambda
175164,0.025275831,1769,Lambda
175164,0.024440635,1769,Lambda
175164,0.024226093,1769,Lambda
175164,0.026837717,1769,Lambda
175164,0.028451514,1769,Lambda
175164,0.025797228,1769,Lambda
175164,0.035061072,1769,Lambda
175164,0.025492931,1769,Lambda
175164,0.024899648,1769,Lambda
175164,0.029854867,1769,Lambda
