0,0.141938947,1769,Lambda,Read
0,0.01411667,1769,Lambda,Read
0,0.019067842,1769,Lambda,Read
0,0.028006154,1769,Lambda,Write
0,0.05643082,1769,Lambda,Read
0,0.034655347,1769,Lambda,Read
0,0.014475756,1769,Lambda,Read
0,0.014130305,1769,Lambda,Read
0,0.013362811,1769,Lambda,Read
0,0.01347891,1769,Lambda,Read
0,0.025992287,1769,Lambda,Write
0,0.013075351,1769,Lambda,Read
0,0.014361298,1769,Lambda,Read
0,0.014923013,1769,Lambda,Read
0,0.045143189,1769,Lambda,Write
0,0.013903141,1769,Lambda,Read
0,0.013400522,1769,Lambda,Read
0,0.013093174,1769,Lambda,Read
0,0.012943807,1769,Lambda,Read
0,0.089870472,1769,Lambda,Read
5006,0.010160906,1769,Lambda,Read
5006,0.010499265,1769,Lambda,Read
5006,0.025275827,1769,Lambda,Write
5006,0.013168002,1769,Lambda,Read
5006,0.010546196,1769,Lambda,Read
5006,0.011579905,1769,Lambda,Read
5006,0.010285673,1769,Lambda,Read
5006,0.013019065,1769,Lambda,Read
5006,0.009301643,1769,Lambda,Read
5006,0.108951034,1769,Lambda,Read
5006,0.015500489,1769,Lambda,Read
5006,0.012661039,1769,Lambda,Read
5006,0.012334327,1769,Lambda,Read
5006,0.034317741,1769,Lambda,Read
5006,0.030630901,1769,Lambda,Read
5006,0.014408399,1769,Lambda,Read
5006,0.01290692,1769,Lambda,Read
5006,0.013404909,1769,Lambda,Read
5006,0.011639798,1769,Lambda,Read
5006,0.012601067,1769,Lambda,Read
10007,0.013375622,1769,Lambda,Read
10007,0.036555246,1769,Lambda,Read
10007,0.013106189,1769,Lambda,Read
10007,0.03664819,1769,Lambda,Read
10007,0.009888234,1769,Lambda,Read
10007,0.012508216,1769,Lambda,Read
10007,0.090752323,1769,Lambda,Write
10007,0.014882292,1769,Lambda,Read
10007,0.009018598,1769,Lambda,Read
10007,0.012408432,1769,Lambda,Read
10007,0.01094188,1769,Lambda,Read
10007,0.009827861,1769,Lambda,Read
10007,0.018926747,1769,Lambda,Read
10007,0.0300085,1769,Lambda,Write
10007,0.009820467,1769,Lambda,Read
10007,0.017399269,1769,Lambda,Read
10007,0.016554838,1769,Lambda,Read
10007,0.013361507,1769,Lambda,Read
10007,0.014492267,1769,Lambda,Read
10007,0.014285714,1769,Lambda,Read
15008,0.018496556,1769,Lambda,Read
15008,0.016309967,1769,Lambda,Read
15008,0.01362932,1769,Lambda,Read
15008,0.014783002,1769,Lambda,Read
15008,0.013948995,1769,Lambda,Read
15008,0.008799178,1769,Lambda,Read
15008,0.012608014,1769,Lambda,Read
15008,0.026743069,1769,Lambda,Write
15008,0.089314265,1769,Lambda,Read
15008,0.012852386,1769,Lambda,Read
15008,0.010421002,1769,Lambda,Read
15008,0.014495639,1769,Lambda,Read
15008,0.011486073,1769,Lambda,Read
15008,0.009604869,1769,Lambda,Read
15008,0.010936879,1769,Lambda,Read
15008,0.011647578,1769,Lambda,Read
15008,0.009260116,1769,Lambda,Read
15008,0.011813884,1769,Lambda,Read
15008,0.012865444,1769,Lambda,Read
15008,0.012900863,1769,Lambda,Read
20009,0.018694409,1769,Lambda,Read
20009,0.03181167,1769,Lambda,Read
20009,0.013488156,1769,Lambda,Read
20009,0.014677508,1769,Lambda,Read
20009,0.014945807,1769,Lambda,Read
20009,0.012042441,1769,Lambda,Read
20009,0.015231972,1769,Lambda,Read
20009,0.071547128,1769,Lambda,Read
20009,0.013712688,1769,Lambda,Read
20009,0.012477609,1769,Lambda,Read
20009,0.031991721,1769,Lambda,Read
20009,0.026086528,1769,Lambda,Write
20009,0.013142276,1769,Lambda,Read
20009,0.015050776,1769,Lambda,Read
20009,0.013754329,1769,Lambda,Read
20009,0.01313181,1769,Lambda,Read
20009,0.012314635,1769,Lambda,Read
20009,0.015357393,1769,Lambda,Read
20009,0.013992862,1769,Lambda,Read
20009,0.032320609,1769,Lambda,Read
25011,0.011148865,1769,Lambda,Read
25011,0.011807507,1769,Lambda,Read
25011,0.011696489,1769,Lambda,Read
25011,0.011022673,1769,Lambda,Read
25011,0.013583085,1769,Lambda,Read
25011,0.014849451,1769,Lambda,Read
25011,0.017115555,1769,Lambda,Read
25011,0.02959858,1769,Lambda,Write
25011,0.109491573,1769,Lambda,Read
25011,0.026200881,1769,Lambda,Read
25011,0.011203425,1769,Lambda,Read
25011,0.010114431,1769,Lambda,Read
25011,0.01060765,1769,Lambda,Read
25011,0.009545096,1769,Lambda,Read
25011,0.010082661,1769,Lambda,Read
25011,0.010897802,1769,Lambda,Read
25011,0.013243715,1769,Lambda,Read
25011,0.014220832,1769,Lambda,Read
25011,0.013901518,1769,Lambda,Read
25011,0.092752198,1769,Lambda,Read
30013,0.01222067,1769,Lambda,Read
30013,0.018007644,1769,Lambda,Read
30013,0.024790356,1769,Lambda,Write
30013,0.011424353,1769,Lambda,Read
30013,0.010277808,1769,Lambda,Read
30013,0.010797436,1769,Lambda,Read
30013,0.01041455,1769,Lambda,Read
30013,0.011960962,1769,Lambda,Read
30013,0.010196263,1769,Lambda,Read
30013,0.066245854,1769,Lambda,Read
30013,0.010827446,1769,Lambda,Read
30013,0.009650711,1769,Lambda,Read
30013,0.025513552,1769,Lambda,Write
30013,0.013125714,1769,Lambda,Read
30013,0.00908656,1769,Lambda,Read
30013,0.010181058,1769,Lambda,Read
30013,0.016214447,1769,Lambda,Read
30013,0.013901171,1769,Lambda,Read
30013,0.026733701,1769,Lambda,Write
30013,0.012526891,1769,Lambda,Read
35018,0.010437215,1769,Lambda,Read
35018,0.010739839,1769,Lambda,Read
35018,0.008989797,1769,Lambda,Read
35018,0.008900331,1769,Lambda,Read
35018,0.0113487,1769,Lambda,Read
35018,0.008465725,1769,Lambda,Read
35018,0.014738769,1769,Lambda,Read
35018,0.008422498,1769,Lambda,Read
35018,0.009420068,1769,Lambda,Read
35018,0.010833943,1769,Lambda,Read
35018,0.014042124,1769,Lambda,Read
35018,0.066204076,1769,Lambda,Read
35018,0.00965075,1769,Lambda,Read
35018,0.012072033,1769,Lambda,Read
35018,0.008070298,1769,Lambda,Read
35018,0.009349244,1769,Lambda,Read
35018,0.039121712,1769,Lambda,Read
35018,0.009240047,1769,Lambda,Read
35018,0.009271632,1769,Lambda,Read
35018,0.010467543,1769,Lambda,Read
40019,0.012294474,1769,Lambda,Read
40019,0.020930915,1769,Lambda,Read
40019,0.01348731,1769,Lambda,Read
40019,0.01395072,1769,Lambda,Read
40019,0.010734447,1769,Lambda,Read
40019,0.015312127,1769,Lambda,Read
40019,0.014505942,1769,Lambda,Read
40019,0.014235362,1769,Lambda,Read
40019,0.070666783,1769,Lambda,Read
40019,0.00966244,1769,Lambda,Read
40019,0.014076329,1769,Lambda,Read
40019,0.01138884,1769,Lambda,Read
40019,0.009984069,1769,Lambda,Read
40019,0.011007738,1769,Lambda,Read
40019,0.010160789,1769,Lambda,Read
40019,0.015477701,1769,Lambda,Read
40019,0.011637162,1769,Lambda,Read
40019,0.010870714,1769,Lambda,Read
40019,0.010389468,1769,Lambda,Read
40019,0.025567223,1769,Lambda,Write
45021,0.012551088,1769,Lambda,Read
45021,0.014385835,1769,Lambda,Read
45021,0.01235362,1769,Lambda,Read
45021,0.013947218,1769,Lambda,Read
45021,0.012694962,1769,Lambda,Read
45021,0.010048789,1769,Lambda,Read
45021,0.018030954,1769,Lambda,Read
45021,0.0359434,1769,Lambda,Read
45021,0.096881159,1769,Lambda,Read
45021,0.017660505,1769,Lambda,Read
45021,0.013108718,1769,Lambda,Read
45021,0.010340042,1769,Lambda,Read
45021,0.01054023,1769,Lambda,Read
45021,0.011645407,1769,Lambda,Read
45021,0.012787186,1769,Lambda,Read
45021,0.032285145,1769,Lambda,Write
45021,0.014802258,1769,Lambda,Read
45021,0.013739371,1769,Lambda,Read
45021,0.013852431,1769,Lambda,Read
45021,0.028661971,1769,Lambda,Write
50023,0.010119381,1769,Lambda,Read
50023,0.022218335,1769,Lambda,Read
50023,0.013741169,1769,Lambda,Read
50023,0.008509885,1769,Lambda,Read
50023,0.009237956,1769,Lambda,Read
50023,0.010298499,1769,Lambda,Read
50023,0.010065156,1769,Lambda,Read
50023,0.010361591,1769,Lambda,Read
50023,0.070277733,1769,Lambda,Read
50023,0.014750625,1769,Lambda,Read
50023,0.031476892,1769,Lambda,Write
50023,0.02687999,1769,Lambda,Write
50023,0.013179974,1769,Lambda,Read
50023,0.032127309,1769,Lambda,Write
50023,0.011304684,1769,Lambda,Read
50023,0.012536857,1769,Lambda,Read
50023,0.011469668,1769,Lambda,Read
50023,0.016415022,1769,Lambda,Read
50023,0.01362193,1769,Lambda,Read
50023,0.077210476,1769,Lambda,Read
55026,0.008524242,1769,Lambda,Read
55026,0.015327607,1769,Lambda,Read
55026,0.010093984,1769,Lambda,Read
55026,0.008908327,1769,Lambda,Read
55026,0.008821815,1769,Lambda,Read
55026,0.0079511,1769,Lambda,Read
55026,0.008707367,1769,Lambda,Read
55026,0.007891782,1769,Lambda,Read
55026,0.008717297,1769,Lambda,Read
55026,0.020016725,1769,Lambda,Write
55026,0.066497675,1769,Lambda,Read
55026,0.008540333,1769,Lambda,Read
55026,0.009885482,1769,Lambda,Read
55026,0.020855928,1769,Lambda,Write
55026,0.010732565,1769,Lambda,Read
55026,0.010043973,1769,Lambda,Read
55026,0.008938267,1769,Lambda,Read
55026,0.010238824,1769,Lambda,Read
55026,0.013736695,1769,Lambda,Read
55026,0.00949038,1769,Lambda,Read
60028,0.009876991,1769,Lambda,Read
60028,0.030395455,1769,Lambda,Write
60028,0.009083181,1769,Lambda,Read
60028,0.010610689,1769,Lambda,Read
60028,0.010483947,1769,Lambda,Read
60028,0.011073537,1769,Lambda,Read
60028,0.010379579,1769,Lambda,Read
60028,0.011735326,1769,Lambda,Read
60028,0.032020922,1769,Lambda,Read
60028,0.00994828,1769,Lambda,Read
60028,0.010915993,1769,Lambda,Read
60028,0.008973468,1769,Lambda,Read
60028,0.009210197,1769,Lambda,Read
60028,0.009156334,1769,Lambda,Read
60028,0.013907893,1769,Lambda,Read
60028,0.009613644,1769,Lambda,Read
60028,0.013039209,1769,Lambda,Read
60028,0.010397625,1769,Lambda,Read
60028,0.015671021,1769,Lambda,Read
60028,0.009305152,1769,Lambda,Read
65029,0.074464318,1769,Lambda,Read
65029,0.014551114,1769,Lambda,Read
65029,0.010717685,1769,Lambda,Read
65029,0.013166312,1769,Lambda,Read
65029,0.013969212,1769,Lambda,Read
65029,0.014333374,1769,Lambda,Read
65029,0.012116009,1769,Lambda,Read
65029,0.010137196,1769,Lambda,Read
65029,0.010638789,1769,Lambda,Read
65029,0.009577015,1769,Lambda,Read
65029,0.02330494,1769,Lambda,Write
65029,0.013394804,1769,Lambda,Read
65029,0.013293729,1769,Lambda,Read
65029,0.013507649,1769,Lambda,Read
65029,0.012898807,1769,Lambda,Read
65029,0.015623913,1769,Lambda,Read
65029,0.068261876,1769,Lambda,Write
65029,0.009497305,1769,Lambda,Read
65029,0.026479894,1769,Lambda,Read
65029,0.015174583,1769,Lambda,Read
70031,0.016242342,1769,Lambda,Read
70031,0.019289411,1769,Lambda,Read
70031,0.012382729,1769,Lambda,Read
70031,0.015986732,1769,Lambda,Read
70031,0.011768976,1769,Lambda,Read
70031,0.013691954,1769,Lambda,Read
70031,0.013401323,1769,Lambda,Read
70031,0.069685009,1769,Lambda,Read
70031,0.019088472,1769,Lambda,Read
70031,0.013407903,1769,Lambda,Read
70031,0.011139479,1769,Lambda,Read
70031,0.012315153,1769,Lambda,Read
70031,0.01316504,1769,Lambda,Read
70031,0.012678183,1769,Lambda,Read
70031,0.012360373,1769,Lambda,Read
70031,0.014981113,1769,Lambda,Read
70031,0.028263875,1769,Lambda,Write
70031,0.011973293,1769,Lambda,Read
70031,0.017436988,1769,Lambda,Read
70031,0.009150018,1769,Lambda,Read
75034,0.014562845,1769,Lambda,Read
75034,0.022124434,1769,Lambda,Write
75034,0.012990946,1769,Lambda,Read
75034,0.011237152,1769,Lambda,Read
75034,0.010248997,1769,Lambda,Read
75034,0.026039198,1769,Lambda,Write
75034,0.064574514,1769,Lambda,Read
75034,0.022889433,1769,Lambda,Write
75034,0.01191015,1769,Lambda,Read
75034,0.010577969,1769,Lambda,Read
75034,0.01035145,1769,Lambda,Read
75034,0.013807287,1769,Lambda,Read
75034,0.012770508,1769,Lambda,Read
75034,0.015004885,1769,Lambda,Read
75034,0.011173384,1769,Lambda,Read
75034,0.013460793,1769,Lambda,Read
75034,0.011325156,1769,Lambda,Read
75034,0.011914802,1769,Lambda,Read
75034,0.010052305,1769,Lambda,Read
75034,0.094144762,1769,Lambda,Read
80037,0.012907918,1769,Lambda,Read
80037,0.028950071,1769,Lambda,Read
80037,0.010953187,1769,Lambda,Read
80037,0.009529117,1769,Lambda,Read
80037,0.012980686,1769,Lambda,Read
80037,0.031544011,1769,Lambda,Write
80037,0.069604559,1769,Lambda,Read
80037,0.011197582,1769,Lambda,Read
80037,0.012576104,1769,Lambda,Read
80037,0.01127569,1769,Lambda,Read
80037,0.076984174,1769,Lambda,Write
80037,0.01501984,1769,Lambda,Read
80037,0.028747544,1769,Lambda,Write
80037,0.02917477,1769,Lambda,Write
80037,0.014553101,1769,Lambda,Read
80037,0.012299796,1769,Lambda,Read
80037,0.045660382,1769,Lambda,Read
80037,0.01172085,1769,Lambda,Read
80037,0.011755804,1769,Lambda,Read
80037,0.02816862,1769,Lambda,Write
85040,0.009081027,1769,Lambda,Read
85040,0.013599969,1769,Lambda,Read
85040,0.022064674,1769,Lambda,Write
85040,0.009421461,1769,Lambda,Read
85040,0.009050463,1769,Lambda,Read
85040,0.014311649,1769,Lambda,Read
85040,0.010005019,1769,Lambda,Read
85040,0.072666587,1769,Lambda,Read
85040,0.034961749,1769,Lambda,Read
85040,0.011803306,1769,Lambda,Read
85040,0.009571675,1769,Lambda,Read
85040,0.025045382,1769,Lambda,Write
85040,0.010777559,1769,Lambda,Read
85040,0.009373547,1769,Lambda,Read
85040,0.011323919,1769,Lambda,Read
85040,0.011185363,1769,Lambda,Read
85040,0.010703768,1769,Lambda,Read
85040,0.010319642,1769,Lambda,Read
85040,0.011082729,1769,Lambda,Read
85040,0.011364162,1769,Lambda,Read
90042,0.011685449,1769,Lambda,Read
90042,0.049486002,1769,Lambda,Write
90042,0.02377844,1769,Lambda,Write
90042,0.007758187,1769,Lambda,Read
90042,0.094867827,1769,Lambda,Read
90042,0.013235852,1769,Lambda,Read
90042,0.01103666,1769,Lambda,Read
90042,0.024341287,1769,Lambda,Read
90042,0.009342413,1769,Lambda,Read
90042,0.00972331,1769,Lambda,Read
90042,0.00879306,1769,Lambda,Read
90042,0.0098944,1769,Lambda,Read
90042,0.008163173,1769,Lambda,Read
90042,0.02634186,1769,Lambda,Read
90042,0.008726276,1769,Lambda,Read
90042,0.015772534,1769,Lambda,Read
90042,0.010200075,1769,Lambda,Read
90042,0.015153007,1769,Lambda,Read
90042,0.016073899,1769,Lambda,Read
90042,0.016020057,1769,Lambda,Read
95046,0.010493364,1769,Lambda,Read
95046,0.010056532,1769,Lambda,Read
95046,0.010684533,1769,Lambda,Read
95046,0.010980201,1769,Lambda,Read
95046,0.013820902,1769,Lambda,Read
95046,0.028991285,1769,Lambda,Write
95046,0.072771601,1769,Lambda,Read
95046,0.014999149,1769,Lambda,Read
95046,0.015853316,1769,Lambda,Read
95046,0.014848564,1769,Lambda,Read
95046,0.010304029,1769,Lambda,Read
95046,0.009392165,1769,Lambda,Read
95046,0.012975167,1769,Lambda,Read
95046,0.035255613,1769,Lambda,Read
95046,0.009674284,1769,Lambda,Read
95046,0.010429674,1769,Lambda,Read
95046,0.024024439,1769,Lambda,Read
95046,0.010455054,1769,Lambda,Read
95046,0.010033297,1769,Lambda,Read
95046,0.009840237,1769,Lambda,Read
100047,0.012178589,1769,Lambda,Read
100047,0.019081889,1769,Lambda,Read
100047,0.024982868,1769,Lambda,Read
100047,0.010869459,1769,Lambda,Read
100047,0.008315237,1769,Lambda,Read
100047,0.012212338,1769,Lambda,Read
100047,0.061365406,1769,Lambda,Read
100047,0.014229604,1769,Lambda,Read
100047,0.009872204,1769,Lambda,Read
100047,0.010201323,1769,Lambda,Read
100047,0.008611965,1769,Lambda,Read
100047,0.00770108,1769,Lambda,Read
100047,0.009589224,1769,Lambda,Read
100047,0.014729843,1769,Lambda,Read
100047,0.011050065,1769,Lambda,Read
100047,0.010560995,1769,Lambda,Read
100047,0.011503345,1769,Lambda,Read
100047,0.008963462,1769,Lambda,Read
100047,0.016344743,1769,Lambda,Read
100047,0.0814369,1769,Lambda,Read
105049,0.010438954,1769,Lambda,Read
105049,0.010282235,1769,Lambda,Read
105049,0.008285487,1769,Lambda,Read
105049,0.009812796,1769,Lambda,Read
105049,0.017706169,1769,Lambda,Read
105049,0.009770371,1769,Lambda,Read
105049,0.067023522,1769,Lambda,Read
105049,0.01195704,1769,Lambda,Read
105049,0.01221994,1769,Lambda,Read
105049,0.013286566,1769,Lambda,Read
105049,0.017586054,1769,Lambda,Read
105049,0.011120219,1769,Lambda,Read
105049,0.010072369,1769,Lambda,Read
105049,0.027920075,1769,Lambda,Write
105049,0.013262879,1769,Lambda,Read
105049,0.012717125,1769,Lambda,Read
105049,0.017941648,1769,Lambda,Read
105049,0.011660157,1769,Lambda,Read
105049,0.012222338,1769,Lambda,Read
105049,0.01163922,1769,Lambda,Read
110051,0.013799285,1769,Lambda,Read
110051,0.030379204,1769,Lambda,Read
110051,0.009642353,1769,Lambda,Read
110051,0.010102132,1769,Lambda,Read
110051,0.035194608,1769,Lambda,Read
110051,0.087070117,1769,Lambda,Read
110051,0.010982979,1769,Lambda,Read
110051,0.011588576,1769,Lambda,Read
110051,0.010356457,1769,Lambda,Read
110051,0.028878202,1769,Lambda,Write
110051,0.008648366,1769,Lambda,Read
110051,0.0086825,1769,Lambda,Read
110051,0.008751751,1769,Lambda,Read
110051,0.008209604,1769,Lambda,Read
110051,0.009513054,1769,Lambda,Read
110051,0.012651485,1769,Lambda,Read
110051,0.010319482,1769,Lambda,Read
110051,0.033934427,1769,Lambda,Read
110051,0.008920275,1769,Lambda,Read
110051,0.056278305,1769,Lambda,Read
115054,0.010413382,1769,Lambda,Read
115054,0.02252246,1769,Lambda,Write
115054,0.010557599,1769,Lambda,Read
115054,0.009720943,1769,Lambda,Read
115054,0.025165803,1769,Lambda,Write
115054,0.074066867,1769,Lambda,Read
115054,0.029002708,1769,Lambda,Write
115054,0.013596226,1769,Lambda,Read
115054,0.027216938,1769,Lambda,Write
115054,0.01482622,1769,Lambda,Read
115054,0.013667105,1769,Lambda,Read
115054,0.0104817,1769,Lambda,Read
115054,0.01107856,1769,Lambda,Read
115054,0.010852805,1769,Lambda,Read
115054,0.011954569,1769,Lambda,Read
115054,0.01184894,1769,Lambda,Read
115054,0.00999178,1769,Lambda,Read
115054,0.010114567,1769,Lambda,Read
115054,0.011630191,1769,Lambda,Read
115054,0.0110542,1769,Lambda,Read
120057,0.049038111,1769,Lambda,Write
120057,0.023554203,1769,Lambda,Write
120057,0.0638333,1769,Lambda,Read
120057,0.014777368,1769,Lambda,Read
120057,0.027278486,1769,Lambda,Write
120057,0.011167941,1769,Lambda,Read
120057,0.015920653,1769,Lambda,Read
120057,0.010476837,1769,Lambda,Read
120057,0.027511708,1769,Lambda,Write
120057,0.032108914,1769,Lambda,Write
120057,0.013661148,1769,Lambda,Read
120057,0.015764644,1769,Lambda,Read
120057,0.010074566,1769,Lambda,Read
120057,0.012867981,1769,Lambda,Read
120057,0.010937512,1769,Lambda,Read
120057,0.009441898,1769,Lambda,Read
120057,0.018074481,1769,Lambda,Read
120057,0.0325481,1769,Lambda,Read
120057,0.010927686,1769,Lambda,Read
120057,0.011506101,1769,Lambda,Read
125064,0.022799709,1769,Lambda,Write
125064,0.081083986,1769,Lambda,Write
125064,0.014835836,1769,Lambda,Read
125064,0.010265261,1769,Lambda,Read
125064,0.009306065,1769,Lambda,Read
125064,0.00889683,1769,Lambda,Read
125064,0.009771248,1769,Lambda,Read
125064,0.010783463,1769,Lambda,Read
125064,0.008683895,1769,Lambda,Read
125064,0.009421818,1769,Lambda,Read
125064,0.009230355,1769,Lambda,Read
125064,0.008385004,1769,Lambda,Read
125064,0.009700124,1769,Lambda,Read
125064,0.008073652,1769,Lambda,Read
125064,0.010465071,1769,Lambda,Read
125064,0.011311828,1769,Lambda,Read
125064,0.008489098,1769,Lambda,Read
125064,0.00958189,1769,Lambda,Read
125064,0.009891098,1769,Lambda,Read
125064,0.081457679,1769,Lambda,Read
130064,0.011759962,1769,Lambda,Read
130064,0.030937012,1769,Lambda,Write
130064,0.011184808,1769,Lambda,Read
130064,0.012245354,1769,Lambda,Read
130064,0.06399977,1769,Lambda,Read
130064,0.010558669,1769,Lambda,Read
130064,0.02509892,1769,Lambda,Write
130064,0.015241539,1769,Lambda,Read
130064,0.011783941,1769,Lambda,Read
130064,0.012642118,1769,Lambda,Read
130064,0.014662941,1769,Lambda,Read
130064,0.011164061,1769,Lambda,Read
130064,0.010906766,1769,Lambda,Read
130064,0.011056587,1769,Lambda,Read
130064,0.015609195,1769,Lambda,Read
130064,0.013526269,1769,Lambda,Read
130064,0.011703714,1769,Lambda,Read
130064,0.013784165,1769,Lambda,Read
130064,0.011518866,1769,Lambda,Read
130064,0.010322646,1769,Lambda,Read
135067,0.012111596,1769,Lambda,Read
135067,0.030640926,1769,Lambda,Read
135067,0.113074493,1769,Lambda,Read
135067,0.012078524,1769,Lambda,Read
135067,0.010402347,1769,Lambda,Read
135067,0.025742681,1769,Lambda,Write
135067,0.009860263,1769,Lambda,Read
135067,0.015160552,1769,Lambda,Read
135067,0.009957666,1769,Lambda,Read
135067,0.012321506,1769,Lambda,Read
135067,0.0111872,1769,Lambda,Read
135067,0.012713399,1769,Lambda,Read
135067,0.021628797,1769,Lambda,Write
135067,0.026780118,1769,Lambda,Write
135067,0.0133213,1769,Lambda,Read
135067,0.012586186,1769,Lambda,Read
135067,0.017110779,1769,Lambda,Read
135067,0.010836949,1769,Lambda,Read
135067,0.02345591,1769,Lambda,Write
135067,0.016317352,1769,Lambda,Read
140068,0.012039543,1769,Lambda,Read
140068,0.023071333,1769,Lambda,Read
140068,0.07650666,1769,Lambda,Read
140068,0.015930248,1769,Lambda,Read
140068,0.03009865,1769,Lambda,Write
140068,0.011275522,1769,Lambda,Read
140068,0.012975382,1769,Lambda,Read
140068,0.01031961,1769,Lambda,Read
140068,0.013113025,1769,Lambda,Read
140068,0.021540596,1769,Lambda,Write
140068,0.022030988,1769,Lambda,Write
140068,0.013533712,1769,Lambda,Read
140068,0.014455756,1769,Lambda,Read
140068,0.009435993,1769,Lambda,Read
140068,0.013897364,1769,Lambda,Read
140068,0.013512258,1769,Lambda,Read
140068,0.012795203,1769,Lambda,Read
140068,0.010537976,1769,Lambda,Read
140068,0.010167799,1769,Lambda,Read
140068,0.009810434,1769,Lambda,Read
145071,0.013551025,1769,Lambda,Read
145071,0.0103737,1769,Lambda,Read
145071,0.012134535,1769,Lambda,Read
145071,0.010032898,1769,Lambda,Read
145071,0.061152922,1769,Lambda,Read
145071,0.009547404,1769,Lambda,Read
145071,0.011174193,1769,Lambda,Read
145071,0.011314385,1769,Lambda,Read
145071,0.011333549,1769,Lambda,Read
145071,0.025657393,1769,Lambda,Write
145071,0.023445661,1769,Lambda,Write
145071,0.011818438,1769,Lambda,Read
145071,0.010547014,1769,Lambda,Read
145071,0.011106695,1769,Lambda,Read
145071,0.024467029,1769,Lambda,Write
145071,0.01024196,1769,Lambda,Read
145071,0.011427049,1769,Lambda,Read
145071,0.009467646,1769,Lambda,Read
145071,0.022706064,1769,Lambda,Write
145071,0.009992097,1769,Lambda,Read
150073,0.01427625,1769,Lambda,Read
150073,0.015375001,1769,Lambda,Read
150073,0.008183846,1769,Lambda,Read
150073,0.071259539,1769,Lambda,Read
150073,0.009742393,1769,Lambda,Read
150073,0.01395342,1769,Lambda,Read
150073,0.011657503,1769,Lambda,Read
150073,0.011839942,1769,Lambda,Read
150073,0.026273466,1769,Lambda,Write
150073,0.015255025,1769,Lambda,Read
150073,0.008977303,1769,Lambda,Read
150073,0.008722185,1769,Lambda,Read
150073,0.010469377,1769,Lambda,Read
150073,0.014083866,1769,Lambda,Read
150073,0.009715609,1769,Lambda,Read
150073,0.008323717,1769,Lambda,Read
150073,0.021795521,1769,Lambda,Read
150073,0.009432359,1769,Lambda,Read
150073,0.009947731,1769,Lambda,Read
150073,0.08973726,1769,Lambda,Read
155077,0.009999079,1769,Lambda,Read
155077,0.010501337,1769,Lambda,Read
155077,0.011098176,1769,Lambda,Read
155077,0.024925194,1769,Lambda,Write
155077,0.0727904,1769,Lambda,Read
155077,0.01038994,1769,Lambda,Read
155077,0.011195191,1769,Lambda,Read
155077,0.010975969,1769,Lambda,Read
155077,0.011964672,1769,Lambda,Read
155077,0.009917065,1769,Lambda,Read
155077,0.06944965,1769,Lambda,Write
155077,0.015042306,1769,Lambda,Read
155077,0.023119546,1769,Lambda,Write
155077,0.010923524,1769,Lambda,Read
155077,0.012323478,1769,Lambda,Read
155077,0.010668487,1769,Lambda,Read
155077,0.009557136,1769,Lambda,Read
155077,0.013738748,1769,Lambda,Read
155077,0.010913249,1769,Lambda,Read
155077,0.014946478,1769,Lambda,Read
160079,0.009592399,1769,Lambda,Read
160079,0.027166982,1769,Lambda,Read
160079,0.037980073,1769,Lambda,Read
160079,0.073631735,1769,Lambda,Read
160079,0.011344077,1769,Lambda,Read
160079,0.010975109,1769,Lambda,Read
160079,0.025057032,1769,Lambda,Write
160079,0.010480788,1769,Lambda,Read
160079,0.010726757,1769,Lambda,Read
160079,0.011102835,1769,Lambda,Read
160079,0.011618754,1769,Lambda,Read
160079,0.011099534,1769,Lambda,Read
160079,0.010155528,1769,Lambda,Read
160079,0.009135219,1769,Lambda,Read
160079,0.029842889,1769,Lambda,Read
160079,0.010279429,1769,Lambda,Read
160079,0.00991977,1769,Lambda,Read
160079,0.010828278,1769,Lambda,Read
160079,0.027835763,1769,Lambda,Read
160079,0.010243863,1769,Lambda,Read
165085,0.01069241,1769,Lambda,Read
165085,0.015179282,1769,Lambda,Read
165085,0.082956212,1769,Lambda,Read
165085,0.016702135,1769,Lambda,Read
165085,0.014684047,1769,Lambda,Read
165085,0.010395127,1769,Lambda,Read
165085,0.010197283,1769,Lambda,Read
165085,0.009882829,1769,Lambda,Read
165085,0.013955686,1769,Lambda,Read
165085,0.011234178,1769,Lambda,Read
165085,0.009400301,1769,Lambda,Read
165085,0.010904729,1769,Lambda,Read
165085,0.011388801,1769,Lambda,Read
165085,0.007718207,1769,Lambda,Read
165085,0.010867853,1769,Lambda,Read
165085,0.023775124,1769,Lambda,Write
165085,0.011742811,1769,Lambda,Read
165085,0.012151108,1769,Lambda,Read
165085,0.010576655,1769,Lambda,Read
165085,0.009014016,1769,Lambda,Read
170088,0.014348619,1769,Lambda,Read
170088,0.020904437,1769,Lambda,Read
170088,0.074599815,1769,Lambda,Read
170088,0.028618434,1769,Lambda,Write
170088,0.010245908,1769,Lambda,Read
170088,0.010707017,1769,Lambda,Read
170088,0.013145572,1769,Lambda,Read
170088,0.009373392,1769,Lambda,Read
170088,0.015904074,1769,Lambda,Read
170088,0.011383771,1769,Lambda,Read
170088,0.01113503,1769,Lambda,Read
170088,0.010636158,1769,Lambda,Read
170088,0.00939732,1769,Lambda,Read
170088,0.010526497,1769,Lambda,Read
170088,0.010876932,1769,Lambda,Read
170088,0.010589235,1769,Lambda,Read
170088,0.011626842,1769,Lambda,Read
170088,0.011325265,1769,Lambda,Read
170088,0.009675115,1769,Lambda,Read
170088,0.010737516,1769,Lambda,Read
175094,0.011346672,1769,Lambda,Read
175094,0.008418927,1769,Lambda,Read
175094,0.014239314,1769,Lambda,Read
175094,0.065119173,1769,Lambda,Read
175094,0.010332585,1769,Lambda,Read
175094,0.012651611,1769,Lambda,Read
175094,0.010704476,1769,Lambda,Read
175094,0.012069555,1769,Lambda,Read
175094,0.010218071,1769,Lambda,Read
175094,0.012645128,1769,Lambda,Read
175094,0.009595957,1769,Lambda,Read
175094,0.064481216,1769,Lambda,Write
175094,0.01059556,1769,Lambda,Read
175094,0.012140226,1769,Lambda,Read
175094,0.009577187,1769,Lambda,Read
175094,0.010550692,1769,Lambda,Read
175094,0.00960927,1769,Lambda,Read
175094,0.028254846,1769,Lambda,Write
175094,0.030410622,1769,Lambda,Write
175094,0.071245092,1769,Lambda,Read
180099,0.012381169,1769,Lambda,Read
180099,0.085005776,1769,Lambda,Read
180099,0.013586205,1769,Lambda,Read
180099,0.011953001,1769,Lambda,Read
180099,0.010305833,1769,Lambda,Read
180099,0.009923713,1769,Lambda,Read
180099,0.011165473,1769,Lambda,Read
180099,0.01208163,1769,Lambda,Read
180099,0.011750312,1769,Lambda,Read
180099,0.009514427,1769,Lambda,Read
180099,0.010690454,1769,Lambda,Read
180099,0.009227113,1769,Lambda,Read
180099,0.013759894,1769,Lambda,Read
180099,0.010503693,1769,Lambda,Read
180099,0.010265929,1769,Lambda,Read
180099,0.015399043,1769,Lambda,Read
180099,0.022738894,1769,Lambda,Write
180099,0.011411882,1769,Lambda,Read
180099,0.022706556,1769,Lambda,Write
180099,0.011359288,1769,Lambda,Read
185105,0.010202819,1769,Lambda,Read
185105,0.009659543,1769,Lambda,Read
185105,0.095991199,1769,Lambda,Read
185105,0.011596676,1769,Lambda,Read
185105,0.010647591,1769,Lambda,Read
185105,0.00959149,1769,Lambda,Read
185105,0.010491308,1769,Lambda,Read
185105,0.009923792,1769,Lambda,Read
185105,0.022246478,1769,Lambda,Write
185105,0.010313684,1769,Lambda,Read
185105,0.009468323,1769,Lambda,Read
185105,0.011214255,1769,Lambda,Read
185105,0.010281868,1769,Lambda,Read
185105,0.012109707,1769,Lambda,Read
185105,0.011507071,1769,Lambda,Read
185105,0.021375564,1769,Lambda,Write
185105,0.010078068,1769,Lambda,Read
185105,0.010689981,1769,Lambda,Read
185105,0.010840169,1769,Lambda,Read
185105,0.010982614,1769,Lambda,Read
190110,0.020667315,1769,Lambda,Write
190110,0.073803264,1769,Lambda,Read
190110,0.009531893,1769,Lambda,Read
190110,0.010682412,1769,Lambda,Read
190110,0.013377729,1769,Lambda,Read
190110,0.010939478,1769,Lambda,Read
190110,0.012745823,1769,Lambda,Read
190110,0.013513406,1769,Lambda,Read
190110,0.01560105,1769,Lambda,Read
190110,0.010113315,1769,Lambda,Read
190110,0.012346406,1769,Lambda,Read
190110,0.014666989,1769,Lambda,Read
190110,0.009674158,1769,Lambda,Read
190110,0.008870537,1769,Lambda,Read
190110,0.010077288,1769,Lambda,Read
190110,0.009988237,1769,Lambda,Read
190110,0.010156065,1769,Lambda,Read
190110,0.013805214,1769,Lambda,Read
190110,0.011993035,1769,Lambda,Read
190110,0.012174884,1769,Lambda,Read
195112,0.024908788,1769,Lambda,Write
195112,0.067583898,1769,Lambda,Read
195112,0.010396555,1769,Lambda,Read
195112,0.009625754,1769,Lambda,Read
195112,0.011225153,1769,Lambda,Read
195112,0.018025298,1769,Lambda,Read
195112,0.023376497,1769,Lambda,Write
195112,0.026215014,1769,Lambda,Write
195112,0.011266574,1769,Lambda,Read
195112,0.010323646,1769,Lambda,Read
195112,0.010036761,1769,Lambda,Read
195112,0.019094423,1769,Lambda,Read
195112,0.027276262,1769,Lambda,Write
195112,0.00953907,1769,Lambda,Read
195112,0.010749087,1769,Lambda,Read
195112,0.010555968,1769,Lambda,Read
195112,0.010951999,1769,Lambda,Read
195112,0.013171074,1769,Lambda,Read
195112,0.011404542,1769,Lambda,Read
195112,0.009766119,1769,Lambda,Read
200116,0.015076094,1769,Lambda,Read
200116,0.09795336,1769,Lambda,Write
200116,0.011227908,1769,Lambda,Read
200116,0.011358318,1769,Lambda,Read
200116,0.011679959,1769,Lambda,Read
200116,0.010289801,1769,Lambda,Read
200116,0.022097475,1769,Lambda,Write
200116,0.010418161,1769,Lambda,Read
200116,0.015524955,1769,Lambda,Read
200116,0.013609653,1769,Lambda,Read
200116,0.00968225,1769,Lambda,Read
200116,0.014086997,1769,Lambda,Read
200116,0.012036764,1769,Lambda,Read
200116,0.010076526,1769,Lambda,Read
200116,0.010487651,1769,Lambda,Read
200116,0.025905001,1769,Lambda,Write
200116,0.010202543,1769,Lambda,Read
200116,0.009443399,1769,Lambda,Read
200116,0.010359076,1769,Lambda,Read
200116,0.077895971,1769,Lambda,Read
205117,0.078966253,1769,Lambda,Write
205117,0.010592863,1769,Lambda,Read
205117,0.011727144,1769,Lambda,Read
205117,0.033632781,1769,Lambda,Read
205117,0.010738771,1769,Lambda,Read
205117,0.012708724,1769,Lambda,Read
205117,0.020476168,1769,Lambda,Write
205117,0.010224537,1769,Lambda,Read
205117,0.020802467,1769,Lambda,Write
205117,0.011367599,1769,Lambda,Read
205117,0.022005262,1769,Lambda,Write
205117,0.009227265,1769,Lambda,Read
205117,0.011267231,1769,Lambda,Read
205117,0.01018554,1769,Lambda,Read
205117,0.009953437,1769,Lambda,Read
205117,0.015720377,1769,Lambda,Read
205117,0.00908196,1769,Lambda,Read
205117,0.011450503,1769,Lambda,Read
205117,0.008968145,1769,Lambda,Read
205117,0.0090346,1769,Lambda,Read
210122,0.023881199,1769,Lambda,Write
210122,0.08454974,1769,Lambda,Read
210122,0.009449022,1769,Lambda,Read
210122,0.009917895,1769,Lambda,Read
210122,0.009547925,1769,Lambda,Read
210122,0.00972537,1769,Lambda,Read
210122,0.00945419,1769,Lambda,Read
210122,0.011641229,1769,Lambda,Read
210122,0.010886488,1769,Lambda,Read
210122,0.011344822,1769,Lambda,Read
210122,0.009719747,1769,Lambda,Read
210122,0.009184871,1769,Lambda,Read
210122,0.009901672,1769,Lambda,Read
210122,0.010116362,1769,Lambda,Read
210122,0.009099975,1769,Lambda,Read
210122,0.009123592,1769,Lambda,Read
210122,0.01057152,1769,Lambda,Read
210122,0.00956122,1769,Lambda,Read
210122,0.00936366,1769,Lambda,Read
210122,0.023621186,1769,Lambda,Write
215127,0.010360559,1769,Lambda,Read
215127,0.069629391,1769,Lambda,Read
215127,0.0129132,1769,Lambda,Read
215127,0.009845845,1769,Lambda,Read
215127,0.013574636,1769,Lambda,Read
215127,0.010736516,1769,Lambda,Read
215127,0.011935711,1769,Lambda,Read
215127,0.010263357,1769,Lambda,Read
215127,0.009882182,1769,Lambda,Read
215127,0.009737467,1769,Lambda,Read
215127,0.023216863,1769,Lambda,Write
215127,0.009998526,1769,Lambda,Read
215127,0.011768269,1769,Lambda,Read
215127,0.010016492,1769,Lambda,Read
215127,0.010995134,1769,Lambda,Read
215127,0.010288854,1769,Lambda,Read
215127,0.009572733,1769,Lambda,Read
215127,0.011320495,1769,Lambda,Read
215127,0.009576354,1769,Lambda,Read
215127,0.011156438,1769,Lambda,Read
220128,0.068559292,1769,Lambda,Read
220128,0.010740401,1769,Lambda,Read
220128,0.00924113,1769,Lambda,Read
220128,0.010202674,1769,Lambda,Read
220128,0.009566286,1769,Lambda,Read
220128,0.023163399,1769,Lambda,Write
220128,0.01092908,1769,Lambda,Read
220128,0.008923754,1769,Lambda,Read
220128,0.010668172,1769,Lambda,Read
220128,0.010167379,1769,Lambda,Read
220128,0.01113697,1769,Lambda,Read
220128,0.009881778,1769,Lambda,Read
220128,0.009974222,1769,Lambda,Read
220128,0.024132437,1769,Lambda,Write
220128,0.016577731,1769,Lambda,Read
220128,0.009618086,1769,Lambda,Read
220128,0.023129812,1769,Lambda,Write
220128,0.00981604,1769,Lambda,Read
220128,0.00958057,1769,Lambda,Read
220128,0.009090948,1769,Lambda,Read
225133,0.062429526,1769,Lambda,Read
225133,0.01226445,1769,Lambda,Read
225133,0.011187154,1769,Lambda,Read
225133,0.021959917,1769,Lambda,Write
225133,0.011398866,1769,Lambda,Read
225133,0.009105943,1769,Lambda,Read
225133,0.00845291,1769,Lambda,Read
225133,0.015904453,1769,Lambda,Read
225133,0.011539768,1769,Lambda,Read
225133,0.014199313,1769,Lambda,Read
225133,0.010288097,1769,Lambda,Read
225133,0.011567173,1769,Lambda,Read
225133,0.011997088,1769,Lambda,Read
225133,0.012891264,1769,Lambda,Read
225133,0.010623749,1769,Lambda,Read
225133,0.055320406,1769,Lambda,Read
225133,0.010553099,1769,Lambda,Read
225133,0.011567398,1769,Lambda,Read
225133,0.010109418,1769,Lambda,Read
225133,0.077997909,1769,Lambda,Read
230136,0.067532188,1769,Lambda,Read
230136,0.011721795,1769,Lambda,Read
230136,0.015882029,1769,Lambda,Read
230136,0.024356452,1769,Lambda,Read
230136,0.010878533,1769,Lambda,Read
230136,0.010807024,1769,Lambda,Read
230136,0.012103307,1769,Lambda,Read
230136,0.011484959,1769,Lambda,Read
230136,0.068427478,1769,Lambda,Write
230136,0.009422685,1769,Lambda,Read
230136,0.011553794,1769,Lambda,Read
230136,0.009443228,1769,Lambda,Read
230136,0.010661187,1769,Lambda,Read
230136,0.00892247,1769,Lambda,Read
230136,0.008626708,1769,Lambda,Read
230136,0.010319197,1769,Lambda,Read
230136,0.008959735,1769,Lambda,Read
230136,0.009130903,1769,Lambda,Read
230136,0.048682648,1769,Lambda,Read
230136,0.010713701,1769,Lambda,Read
235142,0.064298954,1769,Lambda,Read
235142,0.009685449,1769,Lambda,Read
235142,0.009911501,1769,Lambda,Read
235142,0.012288315,1769,Lambda,Read
235142,0.011900341,1769,Lambda,Read
235142,0.011492082,1769,Lambda,Read
235142,0.009265795,1769,Lambda,Read
235142,0.012390989,1769,Lambda,Read
235142,0.01218175,1769,Lambda,Read
235142,0.01271288,1769,Lambda,Read
235142,0.012451367,1769,Lambda,Read
235142,0.009308719,1769,Lambda,Read
235142,0.01504015,1769,Lambda,Read
235142,0.012226733,1769,Lambda,Read
235142,0.022078732,1769,Lambda,Write
235142,0.011859761,1769,Lambda,Read
235142,0.0102404,1769,Lambda,Read
235142,0.010715763,1769,Lambda,Read
235142,0.011423025,1769,Lambda,Read
235142,0.010766152,1769,Lambda,Read
240145,0.101214096,1769,Lambda,Read
240145,0.010499928,1769,Lambda,Read
240145,0.011316021,1769,Lambda,Read
240145,0.021539033,1769,Lambda,Write
240145,0.013308467,1769,Lambda,Read
240145,0.01072308,1769,Lambda,Read
240145,0.009441417,1769,Lambda,Read
240145,0.012697379,1769,Lambda,Read
240145,0.010700378,1769,Lambda,Read
240145,0.010642944,1769,Lambda,Read
240145,0.009957139,1769,Lambda,Read
240145,0.031698835,1769,Lambda,Read
240145,0.010336471,1769,Lambda,Read
240145,0.013383519,1769,Lambda,Read
240145,0.011531719,1769,Lambda,Read
240145,0.010631503,1769,Lambda,Read
240145,0.012098324,1769,Lambda,Read
240145,0.011613896,1769,Lambda,Read
240145,0.011656086,1769,Lambda,Read
240145,0.015544833,1769,Lambda,Read
245150,0.064906369,1769,Lambda,Read
245150,0.012102179,1769,Lambda,Read
245150,0.012353645,1769,Lambda,Read
245150,0.013738191,1769,Lambda,Read
245150,0.095655688,1769,Lambda,Write
245150,0.012843429,1769,Lambda,Read
245150,0.034878868,1769,Lambda,Read
245150,0.021935579,1769,Lambda,Write
245150,0.023750725,1769,Lambda,Write
245150,0.011157297,1769,Lambda,Read
245150,0.011280492,1769,Lambda,Read
245150,0.011799764,1769,Lambda,Read
245150,0.020544576,1769,Lambda,Write
245150,0.010610614,1769,Lambda,Read
245150,0.011114798,1769,Lambda,Read
245150,0.011962704,1769,Lambda,Read
245150,0.01099322,1769,Lambda,Read
245150,0.012518001,1769,Lambda,Read
245150,0.01378403,1769,Lambda,Read
245150,0.015288291,1769,Lambda,Read
250150,0.079234746,1769,Lambda,Write
250150,0.022960094,1769,Lambda,Read
250150,0.01075724,1769,Lambda,Read
250150,0.027675449,1769,Lambda,Write
250150,0.013695706,1769,Lambda,Read
250150,0.015172123,1769,Lambda,Read
250150,0.013560435,1769,Lambda,Read
250150,0.010914965,1769,Lambda,Read
250150,0.012839184,1769,Lambda,Read
250150,0.012144006,1769,Lambda,Read
250150,0.012159704,1769,Lambda,Read
250150,0.010320408,1769,Lambda,Read
250150,0.012828525,1769,Lambda,Read
250150,0.010955249,1769,Lambda,Read
250150,0.013793107,1769,Lambda,Read
250150,0.016824145,1769,Lambda,Read
250150,0.015837593,1769,Lambda,Read
250150,0.01275021,1769,Lambda,Read
250150,0.012956306,1769,Lambda,Read
250150,0.08928847,1769,Lambda,Read
255152,0.084604497,1769,Lambda,Write
255152,0.012209235,1769,Lambda,Read
255152,0.023188379,1769,Lambda,Write
255152,0.012957818,1769,Lambda,Read
255152,0.015302516,1769,Lambda,Read
255152,0.012006942,1769,Lambda,Read
255152,0.015246678,1769,Lambda,Read
255152,0.026045075,1769,Lambda,Write
255152,0.01326577,1769,Lambda,Read
255152,0.013467892,1769,Lambda,Read
255152,0.01039085,1769,Lambda,Read
255152,0.010300446,1769,Lambda,Read
255152,0.010585222,1769,Lambda,Read
255152,0.013823295,1769,Lambda,Read
255152,0.012616644,1769,Lambda,Read
255152,0.012300816,1769,Lambda,Read
255152,0.011873732,1769,Lambda,Read
255152,0.01379778,1769,Lambda,Read
255152,0.013966906,1769,Lambda,Read
255152,0.01336527,1769,Lambda,Read
260156,0.094587227,1769,Lambda,Read
260156,0.012756296,1769,Lambda,Read
260156,0.027661638,1769,Lambda,Write
260156,0.012396088,1769,Lambda,Read
260156,0.014632313,1769,Lambda,Read
260156,0.02435038,1769,Lambda,Write
260156,0.011915261,1769,Lambda,Read
260156,0.011268622,1769,Lambda,Read
260156,0.013356378,1769,Lambda,Read
260156,0.011837545,1769,Lambda,Read
260156,0.012230949,1769,Lambda,Read
260156,0.012487651,1769,Lambda,Read
260156,0.016470781,1769,Lambda,Read
260156,0.012296696,1769,Lambda,Read
260156,0.013385173,1769,Lambda,Read
260156,0.013112019,1769,Lambda,Read
260156,0.031847953,1769,Lambda,Read
260156,0.013232426,1769,Lambda,Read
260156,0.012928061,1769,Lambda,Read
260156,0.012719749,1769,Lambda,Read
265160,0.067360853,1769,Lambda,Read
265160,0.012110037,1769,Lambda,Read
265160,0.013602134,1769,Lambda,Read
265160,0.01415443,1769,Lambda,Read
265160,0.015061692,1769,Lambda,Read
265160,0.016785853,1769,Lambda,Read
265160,0.015882853,1769,Lambda,Read
265160,0.01240925,1769,Lambda,Read
265160,0.012868448,1769,Lambda,Read
265160,0.013712602,1769,Lambda,Read
265160,0.011532441,1769,Lambda,Read
265160,0.013196347,1769,Lambda,Read
265160,0.012153999,1769,Lambda,Read
265160,0.01386657,1769,Lambda,Read
265160,0.014639415,1769,Lambda,Read
265160,0.026851528,1769,Lambda,Write
265160,0.013669698,1769,Lambda,Read
265160,0.015838184,1769,Lambda,Read
265160,0.013712852,1769,Lambda,Read
265160,0.012443266,1769,Lambda,Read
270161,0.06246054,1769,Lambda,Read
270161,0.012662124,1769,Lambda,Read
270161,0.012546609,1769,Lambda,Read
270161,0.011906273,1769,Lambda,Read
270161,0.011252257,1769,Lambda,Read
270161,0.013030233,1769,Lambda,Read
270161,0.011680636,1769,Lambda,Read
270161,0.013883595,1769,Lambda,Read
270161,0.011769325,1769,Lambda,Read
270161,0.010214465,1769,Lambda,Read
270161,0.013532279,1769,Lambda,Read
270161,0.011939365,1769,Lambda,Read
270161,0.054296193,1769,Lambda,Read
270161,0.010883091,1769,Lambda,Read
270161,0.013177391,1769,Lambda,Read
270161,0.017216661,1769,Lambda,Read
270161,0.011252916,1769,Lambda,Read
270161,0.011533603,1769,Lambda,Read
270161,0.011150589,1769,Lambda,Read
270161,0.015973074,1769,Lambda,Read
275166,0.071662008,1769,Lambda,Read
275166,0.013628146,1769,Lambda,Read
275166,0.012429238,1769,Lambda,Read
275166,0.031049557,1769,Lambda,Write
275166,0.012529582,1769,Lambda,Read
275166,0.013541919,1769,Lambda,Read
275166,0.011938079,1769,Lambda,Read
275166,0.014050588,1769,Lambda,Read
275166,0.012410139,1769,Lambda,Read
275166,0.011051975,1769,Lambda,Read
275166,0.010465732,1769,Lambda,Read
275166,0.010241745,1769,Lambda,Read
275166,0.056678828,1769,Lambda,Write
275166,0.014688466,1769,Lambda,Read
275166,0.010865477,1769,Lambda,Read
275166,0.010466114,1769,Lambda,Read
275166,0.01213256,1769,Lambda,Read
275166,0.013104385,1769,Lambda,Read
275166,0.012019218,1769,Lambda,Read
275166,0.075747973,1769,Lambda,Read
280169,0.061621147,1769,Lambda,Read
280169,0.012597836,1769,Lambda,Read
280169,0.013264971,1769,Lambda,Read
280169,0.015300147,1769,Lambda,Read
280169,0.010247581,1769,Lambda,Read
280169,0.01358244,1769,Lambda,Read
280169,0.01309889,1769,Lambda,Read
280169,0.011142271,1769,Lambda,Read
280169,0.013247034,1769,Lambda,Read
280169,0.015876268,1769,Lambda,Read
280169,0.012582174,1769,Lambda,Read
280169,0.013406196,1769,Lambda,Read
280169,0.010449438,1769,Lambda,Read
280169,0.011434827,1769,Lambda,Read
280169,0.012573671,1769,Lambda,Read
280169,0.011553635,1769,Lambda,Read
280169,0.010926391,1769,Lambda,Read
280169,0.010767471,1769,Lambda,Read
280169,0.043670287,1769,Lambda,Read
280169,0.021618091,1769,Lambda,Write
285175,0.066272127,1769,Lambda,Read
285175,0.028184686,1769,Lambda,Write
285175,0.010981771,1769,Lambda,Read
285175,0.011258717,1769,Lambda,Read
285175,0.011153748,1769,Lambda,Read
285175,0.015045542,1769,Lambda,Read
285175,0.010792455,1769,Lambda,Read
285175,0.022429196,1769,Lambda,Write
285175,0.012572821,1769,Lambda,Read
285175,0.010479155,1769,Lambda,Read
285175,0.013308913,1769,Lambda,Read
285175,0.015163561,1769,Lambda,Read
285175,0.011251735,1769,Lambda,Read
285175,0.011934629,1769,Lambda,Read
285175,0.015011996,1769,Lambda,Read
285175,0.014470611,1769,Lambda,Read
285175,0.008817102,1769,Lambda,Read
285175,0.014434486,1769,Lambda,Read
285175,0.024777879,1769,Lambda,Write
285175,0.015254865,1769,Lambda,Read
290180,0.091884069,1769,Lambda,Read
290180,0.011417208,1769,Lambda,Read
290180,0.011599277,1769,Lambda,Read
290180,0.014081178,1769,Lambda,Read
290180,0.013545396,1769,Lambda,Read
290180,0.014029568,1769,Lambda,Read
290180,0.012525539,1769,Lambda,Read
290180,0.028655981,1769,Lambda,Read
290180,0.014628797,1769,Lambda,Read
290180,0.011742338,1769,Lambda,Read
290180,0.014384376,1769,Lambda,Read
290180,0.018798033,1769,Lambda,Read
290180,0.012307104,1769,Lambda,Read
290180,0.010207035,1769,Lambda,Read
290180,0.028696009,1769,Lambda,Write
290180,0.011008839,1769,Lambda,Read
290180,0.011755377,1769,Lambda,Read
290180,0.011455756,1769,Lambda,Read
290180,0.013540285,1769,Lambda,Read
290180,0.012329442,1769,Lambda,Read
295184,0.082120546,1769,Lambda,Write
295184,0.011236081,1769,Lambda,Read
295184,0.012437645,1769,Lambda,Read
295184,0.014417859,1769,Lambda,Read
295184,0.01325495,1769,Lambda,Read
295184,0.012252576,1769,Lambda,Read
295184,0.014821805,1769,Lambda,Read
295184,0.012489098,1769,Lambda,Read
295184,0.012259333,1769,Lambda,Read
295184,0.025646815,1769,Lambda,Write
295184,0.01101754,1769,Lambda,Read
295184,0.012683864,1769,Lambda,Read
295184,0.012563725,1769,Lambda,Read
295184,0.012743298,1769,Lambda,Read
295184,0.013583939,1769,Lambda,Read
295184,0.012398109,1769,Lambda,Read
295184,0.009724454,1769,Lambda,Read
295184,0.013908474,1769,Lambda,Read
295184,0.009462004,1769,Lambda,Read
295184,0.012745799,1769,Lambda,Read
